"StartDate","EndDate","Status","IPAddress","Progress","Duration..in.seconds.","Finished","RecordedDate","ResponseId","RecipientLastName","RecipientFirstName","RecipientEmail","ExternalReference","LocationLatitude","LocationLongitude","DistributionChannel","UserLanguage","consent","Q142","att_1","att_2","comp_0","pref_you","pref_you_explain","comp_2","comp_3","safety_you_1","trust_you_1","pref_others","pref_others_explain","safety_others_1","trust_others_1","gender","gender_4_TEXT","ethnicity","ethnicity_6_TEXT","age","education","education_8_TEXT","license","ai_knowledge_1","PROLIFIC_PID","FL_8_DO"
"11/16/22 9:43","11/16/22 9:45",0,1,100,173,1,"11/16/22 9:45","R_2zXXUwizsqwovnF",NA,NA,NA,NA,1,1,"anonymous","EN",1,1,4,1,1,2,"I don't trust automatic cars.",2,4,86,0,NA,"",NA,NA,2,"",3,"","29",4,NA,1,50,NA,"FL_51"
"11/16/22 9:45","11/16/22 9:47",0,2,100,137,1,"11/16/22 9:47","R_1jlWZF2GMCGBLHb",NA,NA,NA,NA,2,2,"anonymous","EN",1,2,4,1,1,NA,"",2,4,NA,NA,4,"Automation can help remove human error, but sacrificing all human input leaves room for machine error.  I would think a balance would be safest. ",26,58,2,"",3,"","26",3,NA,1,74,NA,"FL_53"
"11/16/22 9:54","11/16/22 10:00",0,3,100,357,1,"11/16/22 10:00","R_3EgWnCnXnvU7oHR",NA,NA,NA,NA,3,3,"anonymous","EN",1,3,4,2,1,4,"Because I can be more of a passive driver. And not have to worry about my surrounding. While still having a little control of the overall driving experience ",2,4,64,32,NA,"",NA,NA,2,"",1,"","20",3,NA,1,37,NA,"FL_51"
"11/16/22 9:59","11/16/22 10:02",0,4,100,151,1,"11/16/22 10:02","R_3emlSYHyKxNCNWY",NA,NA,NA,NA,4,4,"anonymous","EN",1,4,4,1,1,NA,"",2,4,NA,NA,2,"It takes care of the basics, but leaves humans in control ",37,20,2,"",3,"","45",5,NA,1,33,NA,"FL_53"
"11/16/22 10:03","11/16/22 10:05",0,5,100,166,1,"11/16/22 10:05","R_D6mc3dT4S2XYWeB",NA,NA,NA,NA,5,5,"anonymous","EN",1,5,4,1,1,NA,"",2,4,NA,NA,6,"If we all had automatic cars, the roads would be safer and organized ",99,90,2,"",3,"","28",4,NA,1,30,NA,"FL_53"
"11/16/22 10:03","11/16/22 10:05",0,6,100,123,1,"11/16/22 10:05","R_26ezScdl2eBVklm",NA,NA,NA,NA,6,6,"anonymous","EN",1,6,4,1,1,5,"I'd still like a little bit of control while the technology is new just to be cautious.",2,4,0,73,NA,"",NA,NA,1,"",3,"","26",4,NA,1,27,NA,"FL_51"
"11/16/22 10:07","11/16/22 10:10",0,7,100,222,1,"11/16/22 10:10","R_Dc7B7Fa4Xqdno6l",NA,NA,NA,NA,7,7,"anonymous","EN",1,7,4,1,1,NA,"",2,4,NA,NA,2,"I don't think most people would trust automation. ",20,65,1,"",4,"","25",3,NA,1,70,NA,"FL_53"
"11/16/22 10:09","11/16/22 10:12",0,8,100,152,1,"11/16/22 10:12","R_3PugV7fjRWZuRS4",NA,NA,NA,NA,8,8,"anonymous","EN",1,8,4,1,1,4,"I would prefer to still have some level of control over the vehicle. ",2,4,70,40,NA,"",NA,NA,1,"",3,"","32",4,NA,1,60,NA,"FL_51"
"11/16/22 10:12","11/16/22 10:16",0,9,100,282,1,"11/16/22 10:16","R_2150DgFbbBUJ2lI",NA,NA,NA,NA,9,9,"anonymous","EN",1,9,4,2,1,4,"seems to be the best choice",2,4,41,40,NA,"",NA,NA,4,"63",1,"","63",3,NA,1,19,NA,"FL_51"
"11/16/22 10:14","11/16/22 10:16",0,10,100,139,1,"11/16/22 10:16","R_1qXsYWali0Td7g6",NA,NA,NA,NA,10,10,"anonymous","EN",1,10,4,1,1,4,"I have never personally experienced any level of self-driving car, so I would be a little nervous to jump straight to full automation.",2,4,19,73,NA,"",NA,NA,2,"",3,"","29",4,NA,1,20,NA,"FL_51"
"11/16/22 10:13","11/16/22 10:17",0,11,100,209,1,"11/16/22 10:17","R_1LbsfNdgZkcjC8K",NA,NA,NA,NA,11,11,"anonymous","EN",1,11,4,1,1,NA,"",2,4,NA,NA,4,"i like self driving cars but prefer to have a human take over in cases of emergency",50,59,2,"",3,"","32",4,NA,1,50,NA,"FL_53"
"11/16/22 10:13","11/16/22 10:17",0,12,100,231,1,"11/16/22 10:17","R_BPOEfa5W9NpvTkl",NA,NA,NA,NA,12,12,"anonymous","EN",1,12,4,1,1,NA,"",3,4,NA,NA,5,"I think should be some human interaction ",31,50,2,"",1,"","39",3,NA,1,43,NA,"FL_53"
"11/16/22 10:16","11/16/22 10:18",0,13,100,153,1,"11/16/22 10:18","R_1f1MyK9QFruodbr",NA,NA,NA,NA,13,13,"anonymous","EN",1,13,4,1,1,NA,"",2,4,NA,NA,6,"If the previous information is true, it is safer for other drivers to be automated.",30,69,1,"",3,"","29",4,NA,1,36,NA,"FL_53"
"11/16/22 10:17","11/16/22 10:19",0,14,100,107,1,"11/16/22 10:19","R_2qlaWBEKD0Jah6H",NA,NA,NA,NA,14,14,"anonymous","EN",1,14,4,1,1,NA,"",2,4,NA,NA,4,"I still think ppl should be aware and able to override a system",30,42,2,"",2,"","30",4,NA,1,59,NA,"FL_53"
"11/16/22 10:16","11/16/22 10:19",0,15,100,185,1,"11/16/22 10:19","R_1exwCrxqM6oc2u3",NA,NA,NA,NA,15,15,"anonymous","EN",1,15,4,2,1,5,"To ensure safety for myself, but also have some control",2,4,28,68,NA,"",NA,NA,1,"",3,"","31",3,NA,1,64,NA,"FL_51"
"11/16/22 10:17","11/16/22 10:20",0,16,100,155,1,"11/16/22 10:20","R_2pQ3ElX7aMrqjnP",NA,NA,NA,NA,16,16,"anonymous","EN",1,16,4,2,1,2,"You could have the option to switch",1,4,49,47,NA,"",NA,NA,2,"",4,"","32",2,NA,1,35,NA,"FL_51"
"11/16/22 10:18","11/16/22 10:22",0,17,100,231,1,"11/16/22 10:22","R_265fr3cln7R90oZ",NA,NA,NA,NA,17,17,"anonymous","EN",1,17,4,1,1,4,"Seems to give the best variety of options",2,4,22,43,NA,"",NA,NA,1,"",3,"","28",1,NA,2,14,NA,"FL_51"
"11/16/22 10:21","11/16/22 10:23",0,18,100,137,1,"11/16/22 10:23","R_VOJDkBiav37WYPT",NA,NA,NA,NA,18,18,"anonymous","EN",1,18,4,1,1,5,"I chose this level because I want to still maintain some control of the vehicle while I'm driving. ",2,4,50,50,NA,"",NA,NA,2,"",3,"","22",4,NA,1,30,NA,"FL_51"
"11/16/22 10:22","11/16/22 10:24",0,19,100,129,1,"11/16/22 10:24","R_1C8XgCrEoH0RMSt",NA,NA,NA,NA,19,19,"anonymous","EN",1,19,4,1,1,NA,"",2,4,NA,NA,4,"Humans should have some control in case of technological error.",38,44,2,"",3,"","23",4,NA,1,50,NA,"FL_53"
"11/16/22 10:22","11/16/22 10:24",0,20,100,120,1,"11/16/22 10:24","R_1o5TPJZLoucvKY8",NA,NA,NA,NA,20,20,"anonymous","EN",1,20,4,1,1,NA,"",2,4,NA,NA,6,"It controls the most ",33,65,3,"",3,"","24",4,NA,1,59,NA,"FL_53"
"11/16/22 10:22","11/16/22 10:24",0,21,100,143,1,"11/16/22 10:24","R_2bIzQ6lixwrhUUO",NA,NA,NA,NA,21,21,"anonymous","EN",1,21,4,1,1,4,"It is a good in-between.",2,4,30,77,NA,"",NA,NA,2,"",2,"","21",3,NA,2,33,NA,"FL_51"
"11/16/22 10:22","11/16/22 10:25",0,22,100,144,1,"11/16/22 10:25","R_28CEuAinC3U8KUA",NA,NA,NA,NA,22,22,"anonymous","EN",1,22,4,1,1,2,"I like driving, So I want to experience the full extent of driving with a driving system to cover my faults.",2,4,60,40,NA,"",NA,NA,1,"",2,"","34",4,NA,1,70,NA,"FL_51"
"11/16/22 10:19","11/16/22 10:25",0,23,100,318,1,"11/16/22 10:25","R_poYcTF54FZoRlrH",NA,NA,NA,NA,23,23,"anonymous","EN",1,23,4,1,1,NA,"",2,4,NA,NA,2,"I think that until all safety issues have been fully vetted, tested and provided to buyers, I think that there may be some things on the fringes that an autonomous vehicle may do well but I prefer to control my own driving.",70,30,1,"",2,"","48",5,NA,1,30,NA,"FL_53"
"11/16/22 10:22","11/16/22 10:25",0,24,100,150,1,"11/16/22 10:25","R_1EX97OqZXS4durj",NA,NA,NA,NA,24,24,"anonymous","EN",1,24,4,1,1,NA,"",2,4,NA,NA,6,"They safe option with machines in control only works if everyone is using it.",0,0,1,"",3,"","28",2,NA,1,74,NA,"FL_53"
"11/16/22 10:22","11/16/22 10:25",0,25,100,151,1,"11/16/22 10:25","R_vPOGjLwbgcF1fIl",NA,NA,NA,NA,25,25,"anonymous","EN",1,25,4,1,1,NA,"",2,4,NA,NA,5,"I think that it is important for there to be the ability for human autonomy in driving in case systems are faulty",30,76,1,"",3,"","26",5,NA,1,29,NA,"FL_53"
"11/16/22 10:22","11/16/22 10:25",0,26,100,218,1,"11/16/22 10:25","R_31HQeg5rwZwoNlF",NA,NA,NA,NA,26,26,"anonymous","EN",1,26,4,1,1,1,"I prefer to be in control of my vehicle",2,4,100,0,NA,"",NA,NA,2,"",3,"","26",3,NA,1,54,NA,"FL_51"
"11/16/22 10:23","11/16/22 10:25",0,27,100,134,1,"11/16/22 10:25","R_u835kF1UE0O5321",NA,NA,NA,NA,27,27,"anonymous","EN",1,27,4,1,1,4,"I still want to have some control over the car, so I think 4 is a proper way of sharing the driving abilities.",2,4,60,57,NA,"",NA,NA,1,"",3,"","36",4,NA,1,19,NA,"FL_51"
"11/16/22 10:23","11/16/22 10:26",0,28,100,153,1,"11/16/22 10:26","R_1NDDrbpEx7zlvUe",NA,NA,NA,NA,28,28,"anonymous","EN",1,28,4,1,1,NA,"",2,4,NA,NA,5,"there still needs to be some human connnection for very specific situations",33,69,1,"",2,"","26",4,NA,1,60,NA,"FL_53"
"11/16/22 10:23","11/16/22 10:26",0,29,100,199,1,"11/16/22 10:26","R_2dGehm5C3VWUWzU",NA,NA,NA,NA,29,29,"anonymous","EN",1,29,4,1,1,4,"still having a sense of control and not as scary",2,4,30,64,NA,"",NA,NA,2,"",3,"","23",3,NA,2,57,NA,"FL_51"
"11/16/22 10:24","11/16/22 10:26",0,30,100,147,1,"11/16/22 10:26","R_0v7QEMrc9FfHzy1",NA,NA,NA,NA,30,30,"anonymous","EN",1,30,4,1,1,NA,"",2,4,NA,NA,2,"I think the tech is too new and not trustworthy",62,81,1,"",3,"","46",1,NA,1,56,NA,"FL_53"
"11/16/22 10:16","11/16/22 10:26",0,31,100,615,1,"11/16/22 10:26","R_3eqrdqLSeavqiSs",NA,NA,NA,NA,31,31,"anonymous","EN",1,31,4,1,1,NA,"",2,4,NA,NA,4,"I chose 4 because it’s a good balance or human and technology.",47,58,2,"",4,"","19",1,NA,1,58,NA,"FL_53"
"11/16/22 10:23","11/16/22 10:27",0,32,100,211,1,"11/16/22 10:27","R_UAzziIk47lJ3v8Z",NA,NA,NA,NA,32,32,"anonymous","EN",1,32,1,1,1,4,"I seen reports of automatic driving car being involved in crash and do not see the technology as good enough yet",2,4,30,42,NA,"",NA,NA,1,"",2,"","37",4,NA,2,15,NA,"FL_51"
"11/16/22 10:23","11/16/22 10:27",0,33,100,197,1,"11/16/22 10:27","R_2UbcIlZU57RGQ6Z",NA,NA,NA,NA,33,33,"anonymous","EN",1,33,4,1,1,NA,"",2,4,NA,NA,4,"I think the technology is capable of doing the things listed in level 4 but not quite there for the dynamic driving features yet",43,52,1,"",3,"","30",4,NA,1,40,NA,"FL_53"
"11/16/22 10:24","11/16/22 10:27",0,34,100,189,1,"11/16/22 10:27","R_1LzzTQZHRXpwkJl",NA,NA,NA,NA,34,34,"anonymous","EN",1,34,4,1,1,NA,"",2,4,NA,NA,4,"Because the technology isn't there yet for a Level 6. I would need to see years of Level 6 automation before I'd be comfortable with myself or other drivers using it.",50,65,1,"",2,"","40",4,NA,1,60,NA,"FL_53"
"11/16/22 10:24","11/16/22 10:27",0,35,100,208,1,"11/16/22 10:27","R_325ZySDKTOfd0yF",NA,NA,NA,NA,35,35,"anonymous","EN",1,35,4,1,1,5,"I like that the drving system control everything else so that the human can focus on all driving dynamics",2,4,60,39,NA,"",NA,NA,2,"",1,"","19",3,NA,1,31,NA,"FL_51"
"11/16/22 10:25","11/16/22 10:27",0,36,100,176,1,"11/16/22 10:27","R_2bTRFRbqfiq4JDd",NA,NA,NA,NA,36,36,"anonymous","EN",1,36,4,1,1,2,"I am interested in automation but i would not want to heavily rely on it",2,4,29,35,NA,"",NA,NA,4,"agender",1,"","21",3,NA,1,13,NA,"FL_51"
"11/16/22 10:24","11/16/22 10:28",0,37,100,225,1,"11/16/22 10:28","R_yIQhPZMNz1kLeut",NA,NA,NA,NA,37,37,"anonymous","EN",1,37,4,1,1,2,"I don't think the technology for self driving vehicles is far enough along yet to have any confidence buying a fully automated vehicle.",2,4,70,0,NA,"",NA,NA,1,"",3,"","40",1,NA,1,65,NA,"FL_51"
"11/16/22 10:25","11/16/22 10:28",0,38,100,187,1,"11/16/22 10:28","R_1SRF0kRKTb7m0i5",NA,NA,NA,NA,38,38,"anonymous","EN",1,38,4,1,1,NA,"",2,4,NA,NA,5,"I think the machine should have most of the control, but still the human should have some say.",30,71,1,"",4,"","28",4,NA,1,66,NA,"FL_53"
"11/16/22 10:25","11/16/22 10:28",0,39,100,188,1,"11/16/22 10:28","R_xaYb1dJYV5VzvRn",NA,NA,NA,NA,39,39,"anonymous","EN",1,39,4,1,1,3,"I like to maintain control but also have some self driving capability",2,4,71,31,NA,"",NA,NA,1,"",3,"","31",4,NA,1,54,NA,"FL_51"
"11/16/22 10:26","11/16/22 10:28",0,40,100,150,1,"11/16/22 10:28","R_2ZW9NVdh4VkkHOx",NA,NA,NA,NA,40,40,"anonymous","EN",1,40,4,1,1,6,"I hate driving. ",2,4,0,100,NA,"",NA,NA,2,"",3,"","20",3,NA,1,26,NA,"FL_51"
"11/16/22 10:25","11/16/22 10:28",0,41,100,226,1,"11/16/22 10:28","R_3NRiJPhxSrHr18G",NA,NA,NA,NA,41,41,"anonymous","EN",1,41,4,2,1,1,"I dont trust automated anything I was a nuclear refueler worked hand in hand with automation",2,4,100,19,NA,"",NA,NA,2,"",3,"","65",3,NA,2,84,NA,"FL_51"
"11/16/22 10:24","11/16/22 10:29",0,42,100,253,1,"11/16/22 10:29","R_CgkuOESoDUPzDcB",NA,NA,NA,NA,42,42,"anonymous","EN",1,42,4,1,1,NA,"",2,4,NA,NA,5,"I don't think everything can be replaced by AI, but humans can become way better drivers using it. ",50,50,2,"",3,"","24",2,NA,1,10,NA,"FL_53"
"11/16/22 10:24","11/16/22 10:29",0,43,100,337,1,"11/16/22 10:29","R_2BeVZJTSniAoiOp",NA,NA,NA,NA,43,43,"anonymous","EN",1,43,4,1,1,6,"I want all levels of automation but then be able to select specific automation for different driving conditions if necessary.",2,4,35,70,NA,"",NA,NA,2,"",2,"","43",4,NA,1,30,NA,"FL_51"
"11/16/22 10:26","11/16/22 10:29",0,44,100,215,1,"11/16/22 10:29","R_2YxFeZDQYtXbULN",NA,NA,NA,NA,44,44,"anonymous","EN",1,44,4,2,1,5,"I think it will give me some maintenance of control while allowing the machine to do most of the work of driving",2,4,30,51,NA,"",NA,NA,2,"",1,"","45",5,NA,1,70,NA,"FL_51"
"11/16/22 10:24","11/16/22 10:30",0,45,100,382,1,"11/16/22 10:30","R_UbygKX3X9whcRpL",NA,NA,NA,NA,45,45,"anonymous","EN",1,45,4,1,1,NA,"",3,4,NA,NA,5,"has to allow some usage for human behavior incase of errors in system",20,65,1,"",1,"","23",3,NA,1,64,NA,"FL_53"
"11/16/22 10:24","11/16/22 10:31",0,46,100,427,1,"11/16/22 10:31","R_2QX1ZeyMzMfCUS1",NA,NA,NA,NA,46,46,"anonymous","EN",1,46,4,1,1,NA,"",2,1,NA,NA,4,"I can't trust that other drivers will fully attend to their environment, though I also cannot trust completely in the capability of an autonomous driving system. ",6,75,2,"",6,"Asian/White","43",4,NA,1,30,NA,"FL_53"
"11/16/22 10:25","11/16/22 10:32",0,47,100,390,1,"11/16/22 10:32","R_sXamkmlQhqNG0jD",NA,NA,NA,NA,47,47,"anonymous","EN",1,47,4,2,1,NA,"",2,4,NA,NA,5,"The reason why I choose level 5 is because, although having a car that can do everything on its own sounds great, there is still a possibility that things can go wrong and a human should have some sort of control if they do. There are multiple videos that show how a fully self driving car malfuntioned while on auto pilot, or how it ran into something becsue it did not detect it. ",40,50,1,"",2,"","29",3,NA,1,90,NA,"FL_53"
"11/16/22 10:26","11/16/22 10:32",0,48,100,391,1,"11/16/22 10:32","R_3s1zkPEOPDc5dW8",NA,NA,NA,NA,48,48,"anonymous","EN",1,48,4,1,1,6,"I would choose level 6 for the maximum level of safety.",2,4,50,100,NA,"",NA,NA,2,"",1,"","45",2,NA,1,70,NA,"FL_51"
"11/16/22 10:25","11/16/22 10:37",0,49,100,709,1,"11/16/22 10:37","R_1hQ3HCG4PnKV6Zj",NA,NA,NA,NA,49,49,"anonymous","EN",1,49,4,1,1,NA,"",3,2,NA,NA,5,"If they're fully protected there is less chance of injury in a wrect.",55,53,2,"",3,"","70",5,NA,1,17,NA,"FL_53"
"11/16/22 10:21","11/16/22 10:37",0,50,100,978,1,"11/16/22 10:37","R_3PuvrYxcMe5Mtm0",NA,NA,NA,NA,50,50,"anonymous","EN",1,50,4,1,1,NA,"",2,4,NA,NA,4,"I believe that a human should still have some control over the vehicle, just in case there’s a fault in the car.",50,25,2,"",4,"","26",2,NA,1,75,NA,"FL_53"
"11/17/22 12:38","11/17/22 12:39",0,51,100,90,1,"11/17/22 12:39","R_1Oxnd6T2a1oRZX7",NA,NA,NA,NA,51,51,"anonymous","EN",1,51,4,1,1,NA,"",2,1,NA,NA,6,"Because it is safer",50,50,1,"",3,"","23",4,NA,1,75,NA,"FL_53"
"11/17/22 12:39","11/17/22 12:40",0,52,100,96,1,"11/17/22 12:40","R_2cwkBo0j4jTx2cT",NA,NA,NA,NA,52,52,"anonymous","EN",1,52,4,1,1,NA,"",2,4,NA,NA,6,"car accidents are caused by humans",0,100,1,"",3,"","33",1,NA,1,100,NA,"FL_53"
"11/17/22 12:39","11/17/22 12:41",0,53,100,121,1,"11/17/22 12:41","R_2CxKgSQQwpGcJDv",NA,NA,NA,NA,53,53,"anonymous","EN",1,53,4,1,1,6,"I'd like to be able to do something else while the car drives itself",2,4,10,89,NA,"",NA,NA,1,"",3,"","61",6,NA,1,61,NA,"FL_51"
"11/17/22 12:39","11/17/22 12:41",0,54,100,94,1,"11/17/22 12:41","R_pRxXr98gt91e6Qh",NA,NA,NA,NA,54,54,"anonymous","EN",1,54,4,1,1,1,"the technology isn't there yet. I am a better driver then the current programing. ",2,4,96,8,NA,"",NA,NA,1,"",3,"","30",4,NA,1,80,NA,"FL_51"
"11/17/22 12:38","11/17/22 12:41",0,55,100,193,1,"11/17/22 12:41","R_WrilpQe8DL7aEwx",NA,NA,NA,NA,55,55,"anonymous","EN",1,55,4,1,1,5,"I like the idea of self driving but would still prefer to have control if something were to go wrong",2,4,50,70,NA,"",NA,NA,1,"",3,"","28",4,NA,1,25,NA,"FL_51"
"11/17/22 12:39","11/17/22 12:41",0,56,100,132,1,"11/17/22 12:41","R_W6WruYUDyJXZRiF",NA,NA,NA,NA,56,56,"anonymous","EN",1,56,4,1,1,NA,"",2,4,NA,NA,3,"Compromise and best of both systems",68,37,2,"",3,"","42",4,NA,1,0,NA,"FL_53"
"11/17/22 12:39","11/17/22 12:41",0,57,100,116,1,"11/17/22 12:41","R_2sNn05QJH0p6IWB",NA,NA,NA,NA,57,57,"anonymous","EN",1,57,4,1,1,6,"It seems to be the safest.",2,1,0,100,NA,"",NA,NA,2,"",3,"","21",3,NA,1,59,NA,"FL_51"
"11/17/22 12:39","11/17/22 12:42",0,58,100,186,1,"11/17/22 12:42","R_3MDNumSmEhpl35g",NA,NA,NA,NA,58,58,"anonymous","EN",1,58,4,1,1,4,"Because I still want basic control over the vehicle in case something goes wrong ",2,4,41,63,NA,"",NA,NA,2,"",3,"","30",3,NA,1,70,NA,"FL_51"
"11/17/22 12:38","11/17/22 12:42",0,59,100,249,1,"11/17/22 12:42","R_2QxGzqJVHngkSAB",NA,NA,NA,NA,59,59,"anonymous","EN",1,59,4,1,1,1,"I'm more comfortable doing the driving myself than leaving it up to an AI. ",2,4,71,29,NA,"",NA,NA,1,"",4,"","54",4,NA,1,28,NA,"FL_51"
"11/17/22 12:38","11/17/22 12:42",0,60,100,211,1,"11/17/22 12:42","R_3g0LxKWlSdl2ma9",NA,NA,NA,NA,60,60,"anonymous","EN",1,60,4,1,1,NA,"",2,4,NA,NA,4,"They should have some flexibility in their choice of driving, self or machine.",30,70,1,"",3,"","46",4,NA,1,70,NA,"FL_53"
"11/17/22 12:39","11/17/22 12:42",0,61,100,190,1,"11/17/22 12:42","R_2P1hMqt0mxGhm40",NA,NA,NA,NA,61,61,"anonymous","EN",1,61,4,1,1,NA,"",2,4,NA,NA,2,"I understand the benefit of eliminating human error, but I still trust humans more than a machine. ",79,16,2,"",3,"","25",4,NA,1,11,NA,"FL_53"
"11/17/22 12:41","11/17/22 12:42",0,62,100,101,1,"11/17/22 12:42","R_2EclFsJp71tqZWb",NA,NA,NA,NA,62,62,"anonymous","EN",1,62,4,1,1,5,"It seems very safe while I still control some.",2,4,66,55,NA,"",NA,NA,1,"",3,"","21",3,NA,1,40,NA,"FL_51"
"11/17/22 12:40","11/17/22 12:42",0,63,100,155,1,"11/17/22 12:42","R_xGgMgaBebv1WEbn",NA,NA,NA,NA,63,63,"anonymous","EN",1,63,4,1,1,NA,"",3,4,NA,NA,6,"level the playing field on control",25,75,1,"",6,"Middle eastern","36",4,NA,1,50,NA,"FL_53"
"11/17/22 12:40","11/17/22 12:42",0,64,100,135,1,"11/17/22 12:42","R_0pPwq1eRE9rKpix",NA,NA,NA,NA,64,64,"anonymous","EN",1,64,4,1,1,6,"I want to experience this, it will make my life easier ",2,4,50,80,NA,"",NA,NA,1,"",3,"","37",3,NA,1,75,NA,"FL_51"
"11/17/22 12:39","11/17/22 12:43",0,65,100,203,1,"11/17/22 12:43","R_11hZVI1M4mp0u18",NA,NA,NA,NA,65,65,"anonymous","EN",1,65,4,1,1,6,"I would want the car to drive itself",2,4,16,73,NA,"",NA,NA,2,"",3,"","24",4,NA,1,61,NA,"FL_51"
"11/17/22 12:39","11/17/22 12:43",0,66,100,238,1,"11/17/22 12:43","R_2R1ugxCiD0mkYgl",NA,NA,NA,NA,66,66,"anonymous","EN",1,66,4,2,1,6,"I believe that with enough testing and trials we will be able to have accurate self-driving vehicles in my lifetime. This includes all driving functions.",2,4,40,90,NA,"",NA,NA,1,"",3,"","30",3,NA,1,60,NA,"FL_51"
"11/17/22 12:39","11/17/22 12:43",0,67,100,200,1,"11/17/22 12:43","R_1HhpxGZWFOJpazC",NA,NA,NA,NA,67,67,"anonymous","EN",1,67,4,1,1,6,"I would rather the car do all the driving for me. It would make me less stressed. ",2,4,10,90,NA,"",NA,NA,1,"",3,"","33",4,NA,1,60,NA,"FL_51"
"11/17/22 12:40","11/17/22 12:43",0,68,100,175,1,"11/17/22 12:43","R_2Y4gz8CLS1ejsWI",NA,NA,NA,NA,68,68,"anonymous","EN",1,68,4,1,1,2,"I would like the option for the vehicle system to assist with steering and acceleration and deceleration, but would want more info and studies on how safe fully-autonomous vehicles truly are, before committing to one.",2,4,64,16,NA,"",NA,NA,2,"",3,"","31",3,NA,1,8,NA,"FL_51"
"11/17/22 12:39","11/17/22 12:43",0,69,100,249,1,"11/17/22 12:43","R_tM7cZLfQFFm7vA5",NA,NA,NA,NA,69,69,"anonymous","EN",1,69,4,2,1,NA,"",2,4,NA,NA,4,"I chose Level 4 automation for other drivers because I believe this offers the most safety on the road. ",10,90,1,"",2,"","28",4,NA,1,36,NA,"FL_53"
"11/17/22 12:39","11/17/22 12:43",0,70,100,221,1,"11/17/22 12:43","R_0MlQvHAvO4QEoM1",NA,NA,NA,NA,70,70,"anonymous","EN",1,70,4,1,1,NA,"",2,4,NA,NA,4,"Allows for the minimum but necessary needs for an automated car without human error ",34,41,2,"",5,"","24",4,NA,1,17,NA,"FL_53"
"11/17/22 12:39","11/17/22 12:43",0,71,100,279,1,"11/17/22 12:43","R_WdkPbrpklu01oaZ",NA,NA,NA,NA,71,71,"anonymous","EN",1,71,4,1,1,2,"I am still wary about self driving cars. ",2,4,85,28,NA,"",NA,NA,2,"",6,"Lebanese","61",5,NA,1,30,NA,"FL_51"
"11/17/22 12:40","11/17/22 12:43",0,72,100,207,1,"11/17/22 12:43","R_2CcXi9UyBoqSDtM",NA,NA,NA,NA,72,72,"anonymous","EN",1,72,4,1,1,6,"A fully automated vehicle would be great as long as its genuinely safer to be in.",2,4,50,75,NA,"",NA,NA,1,"",1,"","28",3,NA,1,60,NA,"FL_51"
"11/17/22 12:39","11/17/22 12:43",0,73,100,260,1,"11/17/22 12:43","R_2rHCI5La9oJMsVr",NA,NA,NA,NA,73,73,"anonymous","EN",1,73,4,1,1,NA,"",2,4,NA,NA,3,"It seems like a good balance between human and automated driving.",30,72,2,"",3,"","29",4,NA,1,23,NA,"FL_53"
"11/17/22 12:40","11/17/22 12:44",0,74,100,195,1,"11/17/22 12:44","R_2dNn9bQNdHTo6U8",NA,NA,NA,NA,74,74,"anonymous","EN",1,74,4,1,1,NA,"",2,4,NA,NA,5,"I'm not fully confident in automated vehicles. I think they'll be more safe in general, but there will likely be some times when a human can make better decisions.",10,90,2,"",3,"","34",4,NA,1,25,NA,"FL_53"
"11/17/22 12:41","11/17/22 12:44",0,75,100,145,1,"11/17/22 12:44","R_2Sk0RvF8I58VYOf",NA,NA,NA,NA,75,75,"anonymous","EN",1,75,4,1,1,3,"I do not trust driving systems but believe they have potential ",3,4,50,41,NA,"",NA,NA,2,"",3,"","29",5,NA,1,12,NA,"FL_51"
"11/17/22 12:42","11/17/22 12:44",0,76,100,121,1,"11/17/22 12:44","R_1mscAzIdtgpdmWN",NA,NA,NA,NA,76,76,"anonymous","EN",1,76,4,1,1,6,"Just like the study showed I would like to eliminated any human error.",2,4,25,100,NA,"",NA,NA,1,"",3,"","29",3,NA,1,40,NA,"FL_51"
"11/17/22 12:41","11/17/22 12:44",0,77,100,165,1,"11/17/22 12:44","R_2EFeqFORX4nWOvC",NA,NA,NA,NA,77,77,"anonymous","EN",1,77,4,1,1,2,"I wish there would be a hybrid option for other levels. ",2,4,50,50,NA,"",NA,NA,2,"",3,"","28",4,NA,1,10,NA,"FL_51"
"11/17/22 12:42","11/17/22 12:44",0,78,100,112,1,"11/17/22 12:44","R_siNMmhdHkncKh1f",NA,NA,NA,NA,78,78,"anonymous","EN",1,78,4,1,1,6,"All else equal (especially price), I would opt to have the car take the maximum amount of control to free my time for other tasks.",2,4,10,90,NA,"",NA,NA,1,"",3,"","33",5,NA,1,75,NA,"FL_51"
"11/17/22 12:41","11/17/22 12:44",0,79,100,160,1,"11/17/22 12:44","R_1rjISXM3ojdkuZO",NA,NA,NA,NA,79,79,"anonymous","EN",1,79,4,1,1,NA,"",2,4,NA,NA,5,"I think the 5th level gives the car the ability to control the vehicle if it needs to, but also lets the driver have some power if they want to overrule a decision. ",35,60,1,"",3,"","23",3,NA,1,70,NA,"FL_53"
"11/17/22 12:39","11/17/22 12:44",0,80,100,313,1,"11/17/22 12:44","R_XTfXUHTRzqvOzPX",NA,NA,NA,NA,80,80,"anonymous","EN",1,80,4,1,1,NA,"",2,4,NA,NA,6,"If self-driving cars are generally safer, then everyone should use them. ",20,85,2,"",3,"","61",5,NA,1,40,NA,"FL_53"
"11/17/22 12:39","11/17/22 12:44",0,81,100,315,1,"11/17/22 12:44","R_ZI87oUCyoqREKwV",NA,NA,NA,NA,81,81,"anonymous","EN",1,81,4,1,2,NA,"",2,4,NA,NA,2,"I think more work needs to be done on AV",44,31,1,"",1,"","25",4,NA,1,35,NA,"FL_53"
"11/17/22 12:41","11/17/22 12:44",0,82,100,190,1,"11/17/22 12:44","R_2chkLXb2V5OIkAd",NA,NA,NA,NA,82,82,"anonymous","EN",1,82,4,2,1,NA,"",2,4,NA,NA,6,"I believe it's all or nothing. Either humans have full control or the vehicle has full control.",9,76,2,"",3,"","31",4,NA,1,46,NA,"FL_53"
"11/17/22 12:42","11/17/22 12:44",0,83,100,132,1,"11/17/22 12:44","R_3KD86nKF3XWChOE",NA,NA,NA,NA,83,83,"anonymous","EN",1,83,4,1,1,NA,"",2,4,NA,NA,6,"If other people have fully autonomous vehicles, it makes for a safer roadway.",50,78,1,"",3,"","32",4,NA,1,76,NA,"FL_53"
"11/17/22 12:40","11/17/22 12:44",0,84,100,254,1,"11/17/22 12:44","R_25Nn8vAoAHm9EMH",NA,NA,NA,NA,84,84,"anonymous","EN",1,84,4,1,1,2,"i dont want to commit fully yet i want to test out some self driving features ",2,4,49,39,NA,"",NA,NA,1,"",4,"","27",3,NA,1,24,NA,"FL_51"
"11/17/22 12:41","11/17/22 12:44",0,85,100,210,1,"11/17/22 12:44","R_1LtHgKbDEBBVRme",NA,NA,NA,NA,85,85,"anonymous","EN",1,85,4,1,1,NA,"",2,3,NA,NA,4,"I think still having a balance between automatic and manual is important because of possibilities of mechanical error.",62,32,2,"",3,"","19",3,NA,1,27,NA,"FL_53"
"11/17/22 12:41","11/17/22 12:44",0,86,100,205,1,"11/17/22 12:44","R_eURZ8noJc8IicHT",NA,NA,NA,NA,86,86,"anonymous","EN",1,86,4,1,1,4,"AI interface to help with defensive driving would be nice but I would still want control. ",2,4,75,60,NA,"",NA,NA,1,"",1,"","23",4,NA,1,34,NA,"FL_51"
"11/17/22 12:40","11/17/22 12:44",0,87,100,270,1,"11/17/22 12:44","R_qVC5bN5r9O9lDqN",NA,NA,NA,NA,87,87,"anonymous","EN",1,87,4,1,1,NA,"",2,4,NA,NA,2,"Humans are better at recognizing and classifying differences in an environment.",70,28,2,"",6,"prefer not to say","26",4,NA,2,20,NA,"FL_53"
"11/17/22 12:41","11/17/22 12:44",0,88,100,198,1,"11/17/22 12:44","R_3KZvgb8IIlcQexa",NA,NA,NA,NA,88,88,"anonymous","EN",1,88,4,1,1,NA,"",2,1,NA,NA,5,"I would like to ease into automation, so o let go some basics bit can still takeover",49,42,2,"",4,"","35",3,NA,1,7,NA,"FL_53"
"11/17/22 12:42","11/17/22 12:44",0,89,100,153,1,"11/17/22 12:44","R_bOsIhGmYFqwTIeB",NA,NA,NA,NA,89,89,"anonymous","EN",1,89,4,1,1,NA,"",2,4,NA,NA,6,"Its supposedly the safest option",25,50,2,"",5,"","21",3,NA,2,5,NA,"FL_53"
"11/17/22 12:41","11/17/22 12:44",0,90,100,226,1,"11/17/22 12:44","R_1CkcOKU3NuazPRq",NA,NA,NA,NA,90,90,"anonymous","EN",1,90,4,1,1,NA,"",2,4,NA,NA,2,"I just think the technology isn’t that good yet. There's tests that take place where the car doesn’t always stop for the test dummies so accelerating and deceleration should be a mix of both human and Ai for now",61,44,1,"",5,"","25",3,NA,1,65,NA,"FL_53"
"11/17/22 12:43","11/17/22 12:45",0,91,100,110,1,"11/17/22 12:45","R_1Ih3ixkyE92v3sC",NA,NA,NA,NA,91,91,"anonymous","EN",1,91,4,1,1,NA,"",2,4,NA,NA,6,"I'd rather drive around automated vehicles",0,100,1,"",2,"","33",4,NA,1,60,NA,"FL_53"
"11/17/22 12:41","11/17/22 12:45",0,92,100,203,1,"11/17/22 12:45","R_25NGGY6HRjbIKBE",NA,NA,NA,NA,92,92,"anonymous","EN",1,92,4,1,1,NA,"",2,4,NA,NA,4,"I chose level 4 because people should have some capacity to drive and have a say on where the car goes. The dynamic driving factor ensures the automated driving as a human override in case things go wrong.",70,30,1,"",2,"","20",3,NA,1,20,NA,"FL_53"
"11/17/22 12:43","11/17/22 12:45",0,93,100,139,1,"11/17/22 12:45","R_egqmEC9NA45TwL7",NA,NA,NA,NA,93,93,"anonymous","EN",1,93,4,1,1,6,"It’s fully automated and takes away human error.",2,4,0,100,NA,"",NA,NA,2,"",3,"","42",2,NA,1,0,NA,"FL_51"
"11/17/22 12:39","11/17/22 12:45",0,94,100,347,1,"11/17/22 12:45","R_tWLB6ZQfvMkKY6d",NA,NA,NA,NA,94,94,"anonymous","EN",1,94,4,1,1,6,"I have major anxiety while driving so a vehicle I don't have to drive is pretty much a godsend.",2,4,10,90,NA,"",NA,NA,1,"",2,"","34",4,NA,1,20,NA,"FL_51"
"11/17/22 12:43","11/17/22 12:45",0,95,100,124,1,"11/17/22 12:45","R_210deYkvH3PHHmw",NA,NA,NA,NA,95,95,"anonymous","EN",1,95,4,1,1,2,"Feel safer driving myself ",3,4,84,35,NA,"",NA,NA,2,"",3,"","28",4,NA,1,42,NA,"FL_51"
"11/17/22 12:41","11/17/22 12:45",0,96,100,254,1,"11/17/22 12:45","R_9MLj3veLtlc4FJT",NA,NA,NA,NA,96,96,"anonymous","EN",1,96,4,1,1,4,"I like the idea of the vehicle assisting me but I am worried about it having too much control.",2,4,50,40,NA,"",NA,NA,2,"",3,"","36",1,NA,1,40,NA,"FL_51"
"11/17/22 12:39","11/17/22 12:45",0,97,100,362,1,"11/17/22 12:45","R_1ePH2RluQGmRB5a",NA,NA,NA,NA,97,97,"anonymous","EN",1,97,4,1,1,NA,"",2,4,NA,NA,6,"It would make the roads safer for everyone. ",14,78,1,"",3,"","51",4,NA,1,2,NA,"FL_53"
"11/17/22 12:41","11/17/22 12:45",0,98,100,278,1,"11/17/22 12:45","R_2rip3XIdncKdYlL",NA,NA,NA,NA,98,98,"anonymous","EN",1,98,4,1,1,1,"I don't trust computers to judge other people's reactions on the road.",2,4,100,0,NA,"",NA,NA,2,"",3,"","50",2,NA,1,95,NA,"FL_51"
"11/17/22 12:41","11/17/22 12:45",0,99,100,254,1,"11/17/22 12:45","R_31tsFGEWd27Sfs4",NA,NA,NA,NA,99,99,"anonymous","EN",1,99,4,1,1,4,"i dont know if im comfortable letting the car do much more driving, id rather it just alert me if i wander out of my lane and be able to speed up/stop for me. a completely self driving car just stresses me out ",2,4,40,60,NA,"",NA,NA,2,"",3,"","25",4,NA,1,70,NA,"FL_51"
"11/17/22 12:43","11/17/22 12:45",0,100,100,114,1,"11/17/22 12:45","R_3QJcWd7LNyhV889",NA,NA,NA,NA,100,100,"anonymous","EN",1,100,4,1,1,NA,"",2,4,NA,NA,4,"I believe humans should have control over dynamic driving",57,58,1,"",2,"","24",4,NA,1,60,NA,"FL_53"
"11/17/22 12:41","11/17/22 12:45",0,101,100,248,1,"11/17/22 12:45","R_WDV9kJn7a94Dcml",NA,NA,NA,NA,101,101,"anonymous","EN",1,101,4,1,1,NA,"",2,2,NA,NA,5,"So a human could at least have some control of driving the car.",51,66,1,"",4,"","21",1,NA,1,33,NA,"FL_53"
"11/17/22 12:43","11/17/22 12:46",0,102,100,156,1,"11/17/22 12:46","R_3JCrItf2dqA7IkD",NA,NA,NA,NA,102,102,"anonymous","EN",1,102,4,1,1,4,"i feel like monitoring should be done by the system but humans still need to do certain aspects",2,4,61,29,NA,"",NA,NA,2,"",6,"middle eastern","25",4,NA,1,16,NA,"FL_51"
"11/17/22 12:41","11/17/22 12:46",0,103,100,292,1,"11/17/22 12:46","R_3qW2YeI7oeVyFmc",NA,NA,NA,NA,103,103,"anonymous","EN",1,103,4,1,1,NA,"",2,4,NA,NA,2,"2 allows for some human error to be corrected while still giving the driver control",40,30,2,"",3,"","26",4,NA,1,10,NA,"FL_53"
"11/17/22 12:44","11/17/22 12:47",0,104,100,161,1,"11/17/22 12:47","R_1CJjQNxSznajCuk",NA,NA,NA,NA,104,104,"anonymous","EN",1,104,4,1,1,NA,"",2,4,NA,NA,4,"An extra ""set of eyes"" would always be helpful when driving to stay safe. Accelerating, Decelerating and steering are simply useful things to have.",38,78,1,"",3,"","23",4,NA,1,71,NA,"FL_53"
"11/17/22 12:40","11/17/22 12:47",0,105,100,392,1,"11/17/22 12:47","R_25NG2YS4BFu1pax",NA,NA,NA,NA,105,105,"anonymous","EN",1,105,4,1,1,1,"I trust my driving over a computer ",2,4,94,0,NA,"",NA,NA,1,"",3,"","44",3,NA,1,8,NA,"FL_51"
"11/17/22 12:45","11/17/22 12:47",0,106,100,144,1,"11/17/22 12:47","R_2qpDC8SYcM2sylj",NA,NA,NA,NA,106,106,"anonymous","EN",1,106,4,1,1,4,"It looks like a safe option ",2,4,89,80,NA,"",NA,NA,2,"",4,"","45",4,NA,1,10,NA,"FL_51"
"11/17/22 12:45","11/17/22 12:47",0,107,100,151,1,"11/17/22 12:47","R_2E9OXh61rfG0POh",NA,NA,NA,NA,107,107,"anonymous","EN",1,107,4,1,1,NA,"",2,4,NA,NA,6,"It is the future ",20,32,2,"",3,"","43",4,NA,1,52,NA,"FL_53"
"11/17/22 12:44","11/17/22 12:47",0,108,100,190,1,"11/17/22 12:47","R_3Gj0ifVs85tOh3W",NA,NA,NA,NA,108,108,"anonymous","EN",1,108,4,2,1,5,"just in case of unforeseen circumstances I would like to be able to override the Auto system",2,4,19,80,NA,"",NA,NA,1,"",3,"","34",1,NA,1,19,NA,"FL_51"
"11/17/22 12:41","11/17/22 12:47",0,109,100,403,1,"11/17/22 12:47","R_3ewqKpZRSy3D2OS",NA,NA,NA,NA,109,109,"anonymous","EN",1,109,4,2,1,NA,"",3,4,NA,NA,6,"We are all fools on the road. Everyone has some place to be and everyone else has no place to be so in the middle is where impatience and “road rage” lies.",0,100,2,"",3,"","45",7,NA,1,51,NA,"FL_53"
"11/17/22 12:45","11/17/22 12:47",0,110,100,164,1,"11/17/22 12:47","R_27rucEQaOi6C42e",NA,NA,NA,NA,110,110,"anonymous","EN",1,110,4,1,1,NA,"",2,4,NA,NA,2,"I think humans should still be mainly in control, but it can be helpful to have a machine do some of the work as long as you have a say too.",55,45,2,"",5,"","19",1,NA,1,50,NA,"FL_53"
"11/17/22 12:44","11/17/22 12:47",0,111,100,180,1,"11/17/22 12:47","R_2VPz43Wb6Eq0Zoy",NA,NA,NA,NA,111,111,"anonymous","EN",1,111,4,1,1,1,"The technology is not yet at a point where it would be safe at the level described in the short article I was previously presented with.",2,4,50,40,NA,"",NA,NA,4,"non-binary",3,"","27",3,NA,2,35,NA,"FL_51"
"11/17/22 12:38","11/17/22 12:47",0,112,100,541,1,"11/17/22 12:47","R_24eJbzhcqm7o5w8",NA,NA,NA,NA,112,112,"anonymous","EN",1,112,4,1,1,NA,"",2,4,NA,NA,5,"Considering that the automated driving system has been tested and isn't full of bugs, I think it'd be safest if the car controlled most of the driving. But I also think it's important that people can still have a little control to make corrections if necessary.",38,57,2,"",3,"","31",4,NA,1,48,NA,"FL_53"
"11/17/22 12:42","11/17/22 12:47",0,113,100,312,1,"11/17/22 12:47","R_2YG8mXSDDJVVT0F",NA,NA,NA,NA,113,113,"anonymous","EN",1,113,4,1,1,NA,"",2,4,NA,NA,4,"I chose 4 because it is not all control of the vehicle and it is not all control of the human. It is fair and gives the person a choice.",80,30,1,"",4,"","22",1,NA,2,30,NA,"FL_53"
"11/17/22 12:42","11/17/22 12:48",0,114,100,311,1,"11/17/22 12:48","R_3DvCZJ6ltdxBqu3",NA,NA,NA,NA,114,114,"anonymous","EN",1,114,4,1,1,NA,"",2,4,NA,NA,4,"I think it’s a nice split of human and AI control",39,59,2,"",2,"","37",4,NA,1,64,NA,"FL_53"
"11/17/22 12:44","11/17/22 12:48",0,115,100,265,1,"11/17/22 12:48","R_3qQGT7UcO0cWVko",NA,NA,NA,NA,115,115,"anonymous","EN",1,115,4,1,1,NA,"",2,4,NA,NA,5,"want override ability",7,87,1,"",3,"","77",4,NA,1,61,NA,"FL_53"
"11/17/22 12:46","11/17/22 12:48",0,116,100,148,1,"11/17/22 12:48","R_29te1eUFDbhpPJn",NA,NA,NA,NA,116,116,"anonymous","EN",1,116,4,1,1,NA,"",2,4,NA,NA,5,"The human has some control but still has the saftey of the machine.",13,90,1,"",3,"","28",1,NA,1,75,NA,"FL_53"
"11/17/22 12:46","11/17/22 12:48",0,117,100,109,1,"11/17/22 12:48","R_AGvGtn5h7pBFrot",NA,NA,NA,NA,117,117,"anonymous","EN",1,117,4,1,1,4,"because it seems like a good balance of human and machine",2,4,90,88,NA,"",NA,NA,2,"",3,"","38",4,NA,1,61,NA,"FL_51"
"11/17/22 12:42","11/17/22 12:48",0,118,100,388,1,"11/17/22 12:48","R_BVPUHnZ7ni4m7sd",NA,NA,NA,NA,118,118,"anonymous","EN",1,118,4,1,1,6,"j love it",2,1,35,98,NA,"",NA,NA,1,"",1,"","41",1,NA,2,1,NA,"FL_51"
"11/17/22 12:44","11/17/22 12:48",0,119,100,285,1,"11/17/22 12:48","R_ZkFsIVzbD7weXaV",NA,NA,NA,NA,119,119,"anonymous","EN",1,119,4,1,1,NA,"",2,1,NA,NA,4,"I think the sled driving features assist and are amazing but I do still believe that a human must assist and make some decisions to make it the most effective ",40,55,2,"",3,"","55",1,NA,1,38,NA,"FL_53"
"11/17/22 12:43","11/17/22 12:48",0,120,100,323,1,"11/17/22 12:48","R_3hGaF72HVxD5oI9",NA,NA,NA,NA,120,120,"anonymous","EN",1,120,4,1,1,NA,"",2,4,NA,NA,1,"machines fai;l",74,23,2,"",3,"","39",3,NA,1,27,NA,"FL_53"
"11/17/22 12:45","11/17/22 12:48",0,121,100,227,1,"11/17/22 12:48","R_PSQCJWN410A6lod",NA,NA,NA,NA,121,121,"anonymous","EN",1,121,4,1,1,1,"I chose this level because I would like to make sure that I have full control. Machine systems can fail just as well as humans can fail but you can more easily know what went wrong if it was human error.",2,4,70,20,NA,"",NA,NA,1,"",3,"","35",1,NA,1,0,NA,"FL_51"
"11/17/22 12:42","11/17/22 12:49",0,122,100,370,1,"11/17/22 12:49","R_2f3fh2B8P2qQVSe",NA,NA,NA,NA,122,122,"anonymous","EN",1,122,4,1,1,4,"I think humans should still have the ability to drive freely but In times where the driver is driving irresponsibly it would be good for the car to take control how fast they are going and breaking.   ",2,4,55,53,NA,"",NA,NA,2,"",4,"","22",4,NA,1,28,NA,"FL_51"
"11/17/22 12:45","11/17/22 12:49",0,123,100,218,1,"11/17/22 12:49","R_1lcVCqTgAz5ZUUm",NA,NA,NA,NA,123,123,"anonymous","EN",1,123,4,1,1,NA,"",2,4,NA,NA,6,"Because it will be the safest vehicle.",12,83,2,"",3,"","51",1,NA,1,67,NA,"FL_53"
"11/17/22 12:41","11/17/22 12:49",0,124,100,483,1,"11/17/22 12:49","R_1EcbYse9bk8FFea",NA,NA,NA,NA,124,124,"anonymous","EN",1,124,4,1,1,6,"maximum benefit for same price",2,4,50,50,NA,"",NA,NA,2,"",3,"","57",4,NA,1,10,NA,"FL_51"
"11/17/22 12:47","11/17/22 12:49",0,125,100,139,1,"11/17/22 12:49","R_33gtPR8xC46nekc",NA,NA,NA,NA,125,125,"anonymous","EN",1,125,4,1,1,NA,"",3,4,NA,NA,2,"Because people still need to pay attention when something is automated",50,52,2,"",3,"","50",4,NA,1,38,NA,"FL_53"
"11/17/22 12:45","11/17/22 12:49",0,126,100,212,1,"11/17/22 12:49","R_3ndbn70F7jmBwKk",NA,NA,NA,NA,126,126,"anonymous","EN",1,126,4,1,1,NA,"",2,4,NA,NA,5,"I guess in dynamic driving the driving system will hopefully be the safer choice and they still have a small bit of control.",35,75,1,"",3,"","30",4,NA,1,35,NA,"FL_53"
"11/17/22 12:47","11/17/22 12:50",0,127,100,151,1,"11/17/22 12:50","R_XHXcMvrbIYCeppv",NA,NA,NA,NA,127,127,"anonymous","EN",1,127,4,1,1,5,"I think Self-Driving Cars are more safe but I think there should still be some human control just in case",2,4,86,66,NA,"",NA,NA,1,"",2,"","24",4,NA,1,76,NA,"FL_51"
"11/17/22 12:45","11/17/22 12:50",0,128,100,299,1,"11/17/22 12:50","R_ba2P0YptrZOBH0Z",NA,NA,NA,NA,128,128,"anonymous","EN",1,128,4,2,1,NA,"",2,1,NA,NA,4,"Hard to tell with technology based engineering with the ""futuristic"" sidecof automobiles and transportation. Automatic vehicles and ""human"" artificial intelligence... Unless we are speaking upon non bioengineering? My apologies I understand I was only clear to type one sentence but I thought two would be more informative. ",50,50,1,"",3,"","31",1,NA,2,25,NA,"FL_53"
"11/17/22 12:46","11/17/22 12:50",0,129,100,249,1,"11/17/22 12:50","R_3fH7DWLqr4THN6D",NA,NA,NA,NA,129,129,"anonymous","EN",1,129,4,1,1,NA,"",2,4,NA,NA,6,"If it’s more safer for the car to drive itself I say take humans out of the situation an let the car do it’s thing.",53,85,2,"",1,"","33",3,NA,1,44,NA,"FL_53"
"11/17/22 12:48","11/17/22 12:50",0,130,100,153,1,"11/17/22 12:50","R_1juAPrS0jiMeyyd",NA,NA,NA,NA,130,130,"anonymous","EN",1,130,4,1,1,5,"Mostly automated driving with some human intervention",2,4,55,35,NA,"",NA,NA,1,"",3,"","34",4,NA,1,70,NA,"FL_51"
"11/17/22 12:45","11/17/22 12:50",0,131,100,295,1,"11/17/22 12:50","R_1gU5q9fCutMvses",NA,NA,NA,NA,131,131,"anonymous","EN",1,131,4,1,1,1,"I chose this level because I prefer human driven vehicles",2,4,90,3,NA,"",NA,NA,2,"",6,"other","30",4,NA,1,50,NA,"FL_51"
"11/17/22 12:47","11/17/22 12:51",0,132,100,206,1,"11/17/22 12:51","R_UGyrAvTwGXUJrod",NA,NA,NA,NA,132,132,"anonymous","EN",1,132,4,1,1,2,"I would still need to maintain the majority of the control in operating the vehicle because I'm still a bit skeptical of the technology.",2,4,64,9,NA,"",NA,NA,2,"",1,"","44",5,NA,1,9,NA,"FL_51"
"11/17/22 12:43","11/17/22 12:51",0,133,100,437,1,"11/17/22 12:51","R_Wwh19ZYSfT1ycuJ",NA,NA,NA,NA,133,133,"anonymous","EN",1,133,4,1,1,4,"Because it meets a happy middle where you share the level of automation with the human driver 50/50",2,4,15,85,NA,"",NA,NA,1,"",3,"","39",1,NA,1,50,NA,"FL_51"
"11/17/22 12:46","11/17/22 12:51",0,134,100,297,1,"11/17/22 12:51","R_3hoRtmM9sen1JvU",NA,NA,NA,NA,134,134,"anonymous","EN",1,134,4,1,1,NA,"",2,4,NA,NA,5,"I think its still important for humans to pay attention to the road, so I chose the level right before fully autonomous.",40,28,1,"",2,"","29",4,NA,1,58,NA,"FL_53"
"11/17/22 12:44","11/17/22 12:51",0,135,100,397,1,"11/17/22 12:51","R_1JOVucg22Uk1B5s",NA,NA,NA,NA,135,135,"anonymous","EN",1,135,4,1,1,5,"It seems the right level of automation while still giving some control.",2,4,27,50,NA,"",NA,NA,1,"",3,"","40",1,NA,1,18,NA,"FL_51"
"11/17/22 12:47","11/17/22 12:51",0,136,100,271,1,"11/17/22 12:51","R_2UhfwGpo7DB7Dju",NA,NA,NA,NA,136,136,"anonymous","EN",1,136,4,1,1,4,"I would still like to maintain some control of my vehicle. ",2,4,50,50,NA,"",NA,NA,2,"",3,"","35",3,NA,1,53,NA,"FL_51"
"11/17/22 12:47","11/17/22 12:52",0,137,100,285,1,"11/17/22 12:52","R_W0U7JCwUJhjokrn",NA,NA,NA,NA,137,137,"anonymous","EN",1,137,4,1,1,6,"I want to purchase automatic car driving system is the prices for all types are the same",2,4,50,60,NA,"",NA,NA,2,"",2,"","33",4,NA,1,24,NA,"FL_51"
"11/17/22 12:46","11/17/22 12:52",0,138,100,366,1,"11/17/22 12:52","R_3Rav4c72LG4SEYZ",NA,NA,NA,NA,138,138,"anonymous","EN",1,138,4,1,1,2,"Machines are made by humans, and are just as falible, having acceloration & system being able to be controll by both human and AI, and not just one in peticular, means there is a smaller chance of error.",2,4,40,40,NA,"",NA,NA,1,"",3,"","19",1,NA,2,58,NA,"FL_51"
"11/17/22 12:49","11/17/22 12:52",0,139,100,177,1,"11/17/22 12:52","R_1gtL91RtcdHMZHf",NA,NA,NA,NA,139,139,"anonymous","EN",1,139,4,1,1,NA,"",2,4,NA,NA,6,"This is the safest level where autonomous driving is at its best.",15,80,1,"",2,"","25",1,NA,2,10,NA,"FL_53"
"11/17/22 12:47","11/17/22 12:52",0,140,100,317,1,"11/17/22 12:52","R_yjRn2f7EtN7nnhL",NA,NA,NA,NA,140,140,"anonymous","EN",1,140,4,2,1,NA,"",2,4,NA,NA,4,"I'd like to be in control of dynamic driving of the car.",30,71,1,"",3,"","73",5,NA,1,51,NA,"FL_53"
"11/17/22 12:47","11/17/22 12:52",0,141,100,298,1,"11/17/22 12:52","R_ptRv9FHkSlKm7T3",NA,NA,NA,NA,141,141,"anonymous","EN",1,141,4,1,1,NA,"",2,4,NA,NA,4,"I think this would be the level I'd be comfortable driving with and would make me more comfortable if others were driving this type also.",45,60,2,"",3,"","28",4,NA,1,30,NA,"FL_53"
"11/17/22 12:48","11/17/22 12:52",0,142,100,262,1,"11/17/22 12:52","R_2E79C83tOhjrDGi",NA,NA,NA,NA,142,142,"anonymous","EN",1,142,4,1,1,NA,"",2,4,NA,NA,4,"I feel like people need to have some type of involvement in order to stay alert. ",42,62,2,"",3,"","60",2,NA,1,26,NA,"FL_53"
"11/17/22 12:48","11/17/22 12:53",0,143,100,273,1,"11/17/22 12:53","R_1jPOBy1Prl5dHP8",NA,NA,NA,NA,143,143,"anonymous","EN",1,143,4,1,1,NA,"",2,4,NA,NA,6,"It is the safest option.",10,75,1,"",3,"","30",3,NA,1,65,NA,"FL_53"
"11/17/22 12:48","11/17/22 12:53",0,144,100,278,1,"11/17/22 12:53","R_1OJnKTwhVvUj9Wy",NA,NA,NA,NA,144,144,"anonymous","EN",1,144,4,1,1,4,"I don't really trust automation in terms of dynamic driving, generally.  ",2,4,40,57,NA,"",NA,NA,2,"",3,"","42",5,NA,1,27,NA,"FL_51"
"11/17/22 12:47","11/17/22 12:53",0,145,100,371,1,"11/17/22 12:53","R_2xQnuwng4Nbkbm5",NA,NA,NA,NA,145,145,"anonymous","EN",1,145,4,1,1,NA,"",2,4,NA,NA,6,"I could be safer on the road if everyone drove a machine-driven car.",5,95,2,"",3,"","66",3,NA,1,65,NA,"FL_53"
"11/17/22 12:48","11/17/22 12:55",0,146,100,428,1,"11/17/22 12:55","R_3fwO3JURy1ogi5n",NA,NA,NA,NA,146,146,"anonymous","EN",1,146,4,1,1,4,"controls should be there at human for basic dynamic driving since we cant trust the machine at all times..",2,4,53,53,NA,"",NA,NA,2,"",2,"","38",4,NA,2,63,NA,"FL_51"
"11/17/22 12:50","11/17/22 12:56",0,147,100,355,1,"11/17/22 12:56","R_22yrb0AZSDGw4wv",NA,NA,NA,NA,147,147,"anonymous","EN",1,147,4,1,1,NA,"",2,4,NA,NA,2,"Automated driving systems will eventually be better than human drivers but the tech isn't there yet and until it is, humans should have the most control with some automated assistance. ",80,10,2,"",3,"","51",4,NA,1,55,NA,"FL_53"
"11/17/22 12:48","11/17/22 12:57",0,148,100,502,1,"11/17/22 12:57","R_25s9aaIdnsmITpC",NA,NA,NA,NA,148,148,"anonymous","EN",1,148,4,1,1,4,"I would like to be able to regain some form of control over the vehicle instead of it being completely autonomous ",2,4,71,0,NA,"",NA,NA,2,"",3,"","57",1,NA,1,40,NA,"FL_51"
"11/17/22 12:52","11/17/22 13:10",0,149,100,1092,1,"11/17/22 13:10","R_2SIuTXhizTmRJ0W",NA,NA,NA,NA,149,149,"anonymous","EN",1,149,4,1,1,4,"I would like to have some control over the car until I get used to it but I am not opposed to a fully self driving vehicle. ",2,4,50,50,NA,"",NA,NA,2,"",3,"","24",4,NA,1,34,NA,"FL_51"
"11/17/22 12:50","11/17/22 13:11",0,150,100,1231,1,"11/17/22 13:11","R_ZHKHmIYab2rUiQN",NA,NA,NA,NA,150,150,"anonymous","EN",1,150,4,1,1,NA,"",2,4,NA,NA,4,"Having an equal balance of a machine driving and human driving doesn't take away our control to drive and it still lets the machine handle other parts of driving which are typically the human's weaknesses.",15,92,2,"",2,"","34",5,NA,1,75,NA,"FL_53"
"11/20/22 21:50","11/20/22 21:52",0,151,100,128,1,"11/20/22 21:52","R_3lxkIYKw33NXz6n",NA,NA,NA,NA,151,151,"anonymous","EN",1,151,4,2,1,NA,"",2,1,NA,NA,5,"It felt like it would be safest but take out any slight risk",51,20,2,"",3,"","31",3,NA,2,63,NA,"FL_53"
"11/20/22 21:50","11/20/22 21:53",0,152,100,183,1,"11/20/22 21:53","R_1IiazK9l8Eva5pP",NA,NA,NA,NA,152,152,"anonymous","EN",1,152,4,1,1,4,"Steering + Decelerating and Monitoring the environment are the main actions which can cause or prevent accidents; allowing the vehicle control over these is plenty sufficient to drastically increase safety while still having some personal control over the vehicle.",2,4,41,66,NA,"",NA,NA,1,"",3,"","22",3,NA,1,64,NA,"FL_51"
"11/20/22 21:50","11/20/22 21:53",0,153,100,177,1,"11/20/22 21:53","R_30e1TKSerrju8lI",NA,NA,NA,NA,153,153,"anonymous","EN",1,153,4,1,1,NA,"",2,4,NA,NA,5,"I know that self-driving cars are safer, but I am still apprehensive about completely lacking control of the car.",1,99,2,"",4,"","20",3,NA,2,10,NA,"FL_53"
"11/20/22 21:50","11/20/22 21:53",0,154,100,205,1,"11/20/22 21:53","R_40cI5TQXmHSoich",NA,NA,NA,NA,154,154,"anonymous","EN",1,154,4,2,1,1,"I do not trust driverless AI cars period.",2,4,93,0,NA,"",NA,NA,1,"",3,"","50",3,NA,1,23,NA,"FL_51"
"11/20/22 21:50","11/20/22 21:54",0,155,100,188,1,"11/20/22 21:54","R_2Sk52gMys2fGmaM",NA,NA,NA,NA,155,155,"anonymous","EN",1,155,4,1,1,4,"I still want some human component in the self driving car to allow some self autonomy.",2,4,66,62,NA,"",NA,NA,2,"",2,"","51",4,NA,1,31,NA,"FL_51"
"11/20/22 21:50","11/20/22 21:54",0,156,100,224,1,"11/20/22 21:54","R_2TEMKdgRAPvvf5t",NA,NA,NA,NA,156,156,"anonymous","EN",1,156,4,1,1,NA,"",2,4,NA,NA,6,"I fully believe that self driving cars will ultimately prove to be much safer.",5,95,1,"",3,"","47",3,NA,1,70,NA,"FL_53"
"11/20/22 21:50","11/20/22 21:54",0,157,100,234,1,"11/20/22 21:54","R_12EWhg7K1WTr5aI",NA,NA,NA,NA,157,157,"anonymous","EN",1,157,4,1,1,NA,"",2,4,NA,NA,2,"it allows for the human to do it all. I am uncomfortable having cars do everything.",59,35,2,"",3,"","52",5,NA,1,25,NA,"FL_53"
"11/20/22 21:51","11/20/22 21:54",0,158,100,223,1,"11/20/22 21:54","R_2CVeBD6T7dKNnnI",NA,NA,NA,NA,158,158,"anonymous","EN",1,158,4,1,1,NA,"",2,4,NA,NA,6,"Because it would be the safest by eliminating human error, in theory.",51,20,2,"",3,"","49",5,NA,1,15,NA,"FL_53"
"11/20/22 21:51","11/20/22 21:55",0,159,100,197,1,"11/20/22 21:55","R_10AA8JqNuBqn9JQ",NA,NA,NA,NA,159,159,"anonymous","EN",1,159,4,1,1,NA,"",2,4,NA,NA,5,"I think it is still important for the driver to have some form of control over the vehicle",15,80,1,"",3,"","26",3,NA,1,70,NA,"FL_53"
"11/20/22 21:51","11/20/22 21:55",0,160,100,185,1,"11/20/22 21:55","R_2wce7yIFWrEIEJ6",NA,NA,NA,NA,160,160,"anonymous","EN",1,160,4,1,1,1,"I like to stick to what i am used to in this case",2,4,50,50,NA,"",NA,NA,2,"",1,"","28",4,NA,2,50,NA,"FL_51"
"11/20/22 21:51","11/20/22 21:55",0,161,100,189,1,"11/20/22 21:55","R_1PeieLWr55aZGRv",NA,NA,NA,NA,161,161,"anonymous","EN",1,161,4,1,1,NA,"",2,4,NA,NA,6,"This is the safest option. ",1,90,3,"",5,"","25",1,NA,2,60,NA,"FL_53"
"11/20/22 21:51","11/20/22 21:55",0,162,100,238,1,"11/20/22 21:55","R_1MR1q3420eCAOVB",NA,NA,NA,NA,162,162,"anonymous","EN",1,162,4,1,1,NA,"",2,4,NA,NA,6,"Because it is safer to trust the driving system than people. Full automation would be the best choice. ",0,100,2,"",3,"","49",4,NA,1,70,NA,"FL_53"
"11/20/22 21:50","11/20/22 21:55",0,163,100,263,1,"11/20/22 21:55","R_3RyhIuPrPwRtIXC",NA,NA,NA,NA,163,163,"anonymous","EN",1,163,4,2,1,NA,"",2,4,NA,NA,4,"Other people should at least buy the level 4.  I posit that just having extra monitoring of the driving environment will decrease accidents significantly  ",40,30,1,"",3,"","34",7,NA,1,85,NA,"FL_53"
"11/20/22 21:53","11/20/22 21:55",0,164,100,129,1,"11/20/22 21:55","R_20kJiPt5QpdipPz",NA,NA,NA,NA,164,164,"anonymous","EN",1,164,4,1,1,NA,"",2,1,NA,NA,6,"Humans shouldn’t be trusted sometimes. ",29,69,1,"",2,"","21",1,NA,1,35,NA,"FL_53"
"11/20/22 21:53","11/20/22 21:55",0,165,100,108,1,"11/20/22 21:55","R_2q2WHAGpcB7Fisj",NA,NA,NA,NA,165,165,"anonymous","EN",1,165,4,1,1,NA,"",2,4,NA,NA,2,"I want to have some control still",26,63,2,"",3,"","24",4,NA,1,59,NA,"FL_53"
"11/20/22 21:52","11/20/22 21:55",0,166,100,179,1,"11/20/22 21:55","R_1dKYVzm84ZfSl8d",NA,NA,NA,NA,166,166,"anonymous","EN",1,166,4,1,1,3,"just because i also wanna enjoy driving sometimes too",2,2,75,27,NA,"",NA,NA,1,"",2,"","23",3,NA,1,37,NA,"FL_51"
"11/20/22 21:52","11/20/22 21:55",0,167,100,187,1,"11/20/22 21:55","R_29vlVwfZMb2AYBJ",NA,NA,NA,NA,167,167,"anonymous","EN",1,167,4,2,1,NA,"",2,2,NA,NA,6,"Its supoosed to be safer",42,57,2,"",3,"","28",1,NA,1,20,NA,"FL_53"
"11/20/22 21:52","11/20/22 21:55",0,168,100,190,1,"11/20/22 21:55","R_1ir3wU36F0F5rYQ",NA,NA,NA,NA,168,168,"anonymous","EN",1,168,1,1,1,1,"I enjoy driving.",2,4,10,80,NA,"",NA,NA,1,"",3,"","28",4,NA,1,80,NA,"FL_51"
"11/20/22 21:51","11/20/22 21:55",0,169,100,251,1,"11/20/22 21:55","R_2cBkWK8hq51a9AL",NA,NA,NA,NA,169,169,"anonymous","EN",1,169,4,1,1,1,"I do not trust the security of the software in automated driving systems.",2,4,50,53,NA,"",NA,NA,2,"",3,"","49",5,NA,1,40,NA,"FL_51"
"11/20/22 21:53","11/20/22 21:55",0,170,100,126,1,"11/20/22 21:55","R_Rh330Rf6TTdcQXn",NA,NA,NA,NA,170,170,"anonymous","EN",1,170,4,1,1,NA,"",2,4,NA,NA,6,"Machines can analyze many variables at a time without being significantly impaired, unlike humans.",0,100,1,"",2,"","28",3,NA,1,5,NA,"FL_53"
"11/20/22 21:52","11/20/22 21:55",0,171,100,178,1,"11/20/22 21:55","R_sSGUwINpTmyd9lf",NA,NA,NA,NA,171,171,"anonymous","EN",1,171,4,1,1,NA,"",2,4,NA,NA,2,"this one has some self driving to it but with most human driving involved got my interest the most ",70,72,1,"",4,"","33",1,NA,2,47,NA,"FL_53"
"11/20/22 21:51","11/20/22 21:55",0,172,100,273,1,"11/20/22 21:55","R_1IgxnVaI4rT9A2l",NA,NA,NA,NA,172,172,"anonymous","EN",1,172,4,1,1,4,"I still want some level of control over the vehicle; splitting the driving functions between myself and the driving system seems the best way to do so.",2,4,55,40,NA,"",NA,NA,1,"",3,"","33",4,NA,1,28,NA,"FL_51"
"11/20/22 21:52","11/20/22 21:56",0,173,100,237,1,"11/20/22 21:56","R_V4JmvW3PFMHMjy9",NA,NA,NA,NA,173,173,"anonymous","EN",1,173,4,1,1,5,"Want to reap the benefits of full automation, but still have some manual control.",2,4,55,35,NA,"",NA,NA,1,"",3,"","19",3,NA,1,84,NA,"FL_51"
"11/20/22 21:53","11/20/22 21:56",0,174,100,179,1,"11/20/22 21:56","R_12bah5DGtVPSrbX",NA,NA,NA,NA,174,174,"anonymous","EN",1,174,4,1,1,2,"I don't believe machines are advanced enough to completely trust my life to them in a car.",2,4,70,0,NA,"",NA,NA,1,"",3,"","69",3,NA,1,20,NA,"FL_51"
"11/20/22 21:52","11/20/22 21:56",0,175,100,213,1,"11/20/22 21:56","R_1P6uKYSh97HMBHl",NA,NA,NA,NA,175,175,"anonymous","EN",1,175,4,1,1,NA,"",1,4,NA,NA,2,"Because im not a fan of too much technology in the car.",93,1,2,"",4,"","21",1,NA,1,30,NA,"FL_53"
"11/20/22 21:53","11/20/22 21:56",0,176,100,183,1,"11/20/22 21:56","R_323MC1ymeWmsaDz",NA,NA,NA,NA,176,176,"anonymous","EN",1,176,4,1,1,NA,"",2,4,NA,NA,4,"This level offers the bare minimum in terms of monitoring everything going on, but still gives people the freedom to drive on their own. ",16,80,1,"",3,"","40",5,NA,1,64,NA,"FL_53"
"11/20/22 21:51","11/20/22 21:56",0,177,100,327,1,"11/20/22 21:56","R_3NWZHOpm5a3WJD8",NA,NA,NA,NA,177,177,"anonymous","EN",1,177,4,1,1,NA,"",2,4,NA,NA,2,"I just do not trust automated vehicles. I know they are supposed to be safer, but on principle I feel like humans have better quick reaction skills that are sometimes necessary for driving. ",43,22,2,"",3,"","19",3,NA,1,40,NA,"FL_53"
"11/20/22 21:52","11/20/22 21:56",0,178,100,263,1,"11/20/22 21:56","R_86rbs7VLTfFqXeh",NA,NA,NA,NA,178,178,"anonymous","EN",1,178,4,1,1,2,"Self driving cars make me anxious, but I would feel comfortable with a little Self driving",1,4,50,40,NA,"",NA,NA,4,"Non-binary",3,"","24",1,NA,1,20,NA,"FL_51"
"11/20/22 21:50","11/20/22 21:56",0,179,100,355,1,"11/20/22 21:56","R_TbEFkXMk1TKf4M9",NA,NA,NA,NA,179,179,"anonymous","EN",1,179,4,1,1,5,"Because I think out of the options it makes the most sense, it seems the safest.",2,4,59,41,NA,"",NA,NA,2,"",1,"","22",4,NA,1,43,NA,"FL_51"
"11/20/22 21:52","11/20/22 21:56",0,180,100,273,1,"11/20/22 21:56","R_2qlsesLzwFImsa0",NA,NA,NA,NA,180,180,"anonymous","EN",1,180,4,1,1,3,"I feel technology is not there yet so i would like to have most of the control of the vehicle.",2,4,94,17,NA,"",NA,NA,1,"",4,"","40",3,NA,1,60,NA,"FL_51"
"11/20/22 21:53","11/20/22 21:56",0,181,100,182,1,"11/20/22 21:56","R_2cjYfXYd1jkKZDx",NA,NA,NA,NA,181,181,"anonymous","EN",1,181,4,1,1,1,"Don't Trust",2,4,90,40,NA,"",NA,NA,1,"",3,"","36",1,NA,1,60,NA,"FL_51"
"11/20/22 21:52","11/20/22 21:56",0,182,100,265,1,"11/20/22 21:56","R_1laRTwW1rQMCxmu",NA,NA,NA,NA,182,182,"anonymous","EN",1,182,4,1,1,6,"Assuming the technology actually works, then this would give me freedom to do other things like read or write when I travel.",2,4,71,19,NA,"",NA,NA,1,"",3,"","30",4,NA,1,66,NA,"FL_51"
"11/20/22 21:54","11/20/22 21:56",0,183,100,157,1,"11/20/22 21:56","R_3rB6nJ5AQy4YR2h",NA,NA,NA,NA,183,183,"anonymous","EN",1,183,4,1,1,NA,"",2,4,NA,NA,4,"I feel Level 4 is a good blend of system and human responsibility given the current state of technology.",45,45,1,"",3,"","54",4,NA,1,65,NA,"FL_53"
"11/20/22 21:54","11/20/22 21:56",0,184,100,155,1,"11/20/22 21:56","R_4PyqcBvzlzdbT3j",NA,NA,NA,NA,184,184,"anonymous","EN",1,184,4,2,1,2,"It makes me nervous if I'm not in control when I'm driving.",2,4,63,42,NA,"",NA,NA,1,"",3,"","24",1,NA,1,33,NA,"FL_51"
"11/20/22 21:51","11/20/22 21:57",0,185,100,346,1,"11/20/22 21:57","R_2TNKY0UYItO3zed",NA,NA,NA,NA,185,185,"anonymous","EN",1,185,4,1,1,NA,"",2,3,NA,NA,1,"If we can assume self driving cars are safer then it would be better if everyone would but self driving cars.",11,76,1,"",3,"","26",1,NA,1,32,NA,"FL_53"
"11/20/22 21:51","11/20/22 21:57",0,186,100,316,1,"11/20/22 21:57","R_2cvCGxXrLluODmy",NA,NA,NA,NA,186,186,"anonymous","EN",1,186,4,1,1,1,"I think it is safe",3,4,90,30,NA,"",NA,NA,1,"",3,"","27",4,NA,1,100,NA,"FL_51"
"11/20/22 21:52","11/20/22 21:57",0,187,100,266,1,"11/20/22 21:57","R_pgjEarszuxWwdIB",NA,NA,NA,NA,187,187,"anonymous","EN",1,187,4,1,1,4,"Not being able to control basic and dynamic driving yourself seems dangerous for specific situations, like if you're in a horror movie and need to floor it to get away from the Chainsaw man. ",2,1,50,56,NA,"",NA,NA,1,"",4,"","22",4,NA,2,0,NA,"FL_51"
"11/20/22 21:53","11/20/22 21:57",0,188,100,239,1,"11/20/22 21:57","R_3pbaoi7wpUW5A0k",NA,NA,NA,NA,188,188,"anonymous","EN",1,188,4,2,1,1,"I've never owned a vehicle that employs a self-driving system and I dont think i necessarily need it.",2,4,80,15,NA,"",NA,NA,1,"",3,"","40",5,NA,1,15,NA,"FL_51"
"11/20/22 21:51","11/20/22 21:57",0,189,100,337,1,"11/20/22 21:57","R_2DMkPeAHgUE6CFv",NA,NA,NA,NA,189,189,"anonymous","EN",1,189,4,1,1,2,"I need to be able to monitor the environment because I do not fully trust self driving yet.",2,4,37,57,NA,"",NA,NA,2,"",3,"","66",4,NA,1,80,NA,"FL_51"
"11/20/22 21:52","11/20/22 21:57",0,190,100,278,1,"11/20/22 21:57","R_OcWKVdKZVhRq8Gl",NA,NA,NA,NA,190,190,"anonymous","EN",1,190,4,1,1,NA,"",2,4,NA,NA,5,"Automation can still have flaws and be hacked so having a way for humans to be able to control something is still a good option. ",15,20,2,"",3,"","45",4,NA,1,40,NA,"FL_53"
"11/20/22 21:54","11/20/22 21:57",0,191,100,183,1,"11/20/22 21:57","R_3QWs3zEzqWltGMd",NA,NA,NA,NA,191,191,"anonymous","EN",1,191,4,1,1,NA,"",2,4,NA,NA,6,"I chose this because it would be the safest option",0,91,1,"",3,"","25",3,NA,1,5,NA,"FL_53"
"11/20/22 21:54","11/20/22 21:57",0,192,100,196,1,"11/20/22 21:57","R_1jjtWJoim6wRxDl",NA,NA,NA,NA,192,192,"anonymous","EN",1,192,4,1,1,6,"I think it’s the safest ",3,4,18,92,NA,"",NA,NA,2,"",1,"","37",4,NA,1,65,NA,"FL_51"
"11/20/22 21:51","11/20/22 21:57",0,193,100,363,1,"11/20/22 21:57","R_PNcROVu0bB9F0gV",NA,NA,NA,NA,193,193,"anonymous","EN",1,193,4,1,1,2,"I would appreciate some level of assistance but wish to maintain the majority of control",1,4,59,36,NA,"",NA,NA,1,"",3,"","54",3,NA,1,38,NA,"FL_51"
"11/20/22 21:52","11/20/22 21:57",0,194,100,298,1,"11/20/22 21:57","R_1d6oWgKMrZwlII8",NA,NA,NA,NA,194,194,"anonymous","EN",1,194,4,1,1,NA,"",2,4,NA,NA,6,"It is the safest option.",18,71,2,"",5,"","41",4,NA,1,43,NA,"FL_53"
"11/20/22 21:52","11/20/22 21:58",0,195,100,302,1,"11/20/22 21:58","R_QbqtqNlvT49knqF",NA,NA,NA,NA,195,195,"anonymous","EN",1,195,4,1,1,3,"The technology for self-driving cars is not nearly good enough yet",2,4,85,30,NA,"",NA,NA,1,"",3,"","39",1,NA,1,70,NA,"FL_51"
"11/20/22 21:53","11/20/22 21:58",0,196,100,297,1,"11/20/22 21:58","R_29h8cWd5rgN4gat",NA,NA,NA,NA,196,196,"anonymous","EN",1,196,4,1,1,6,"Level 6 would be when the system would be most battle tested and 100% safe.",1,4,40,40,NA,"",NA,NA,1,"",3,"","23",1,NA,2,70,NA,"FL_51"
"11/20/22 21:53","11/20/22 21:58",0,197,100,276,1,"11/20/22 21:58","R_3Hkn1tHVoHyXDu4",NA,NA,NA,NA,197,197,"anonymous","EN",1,197,4,2,1,2,"I dont fully trust automated vehicles yet. ",2,4,61,33,NA,"",NA,NA,2,"",3,"","33",4,NA,1,10,NA,"FL_51"
"11/20/22 21:55","11/20/22 21:58",0,198,100,167,1,"11/20/22 21:58","R_2XcENzlAhyQ5Omo",NA,NA,NA,NA,198,198,"anonymous","EN",1,198,4,1,1,5,"I think it is good to have input from both human and robots but more so robots.",2,4,50,70,NA,"",NA,NA,1,"",5,"","20",4,NA,1,50,NA,"FL_51"
"11/20/22 21:55","11/20/22 21:58",0,199,100,192,1,"11/20/22 21:58","R_1NaI21epf5SHCtD",NA,NA,NA,NA,199,199,"anonymous","EN",1,199,4,1,1,NA,"",2,4,NA,NA,6,"Automated driving sounds sick. I hate driving.",0,100,1,"",3,"","25",4,NA,1,68,NA,"FL_53"
"11/20/22 21:51","11/20/22 21:58",0,200,100,449,1,"11/20/22 21:58","R_3nf9Nw9TGaifksL",NA,NA,NA,NA,200,200,"anonymous","EN",1,200,4,1,1,2,"I chose level two because I would like to be able to turn it on and off. If I could do that I would choose level 6.",2,4,53,63,NA,"",NA,NA,2,"",3,"","39",4,NA,1,32,NA,"FL_51"
"11/20/22 21:54","11/20/22 21:58",0,201,100,268,1,"11/20/22 21:58","R_1mPH3Z07XBJeEi6",NA,NA,NA,NA,201,201,"anonymous","EN",1,201,4,1,1,NA,"",2,4,NA,NA,6,"I think it would be safer for other people on the roads if the inconsiderate, ignorant people who distract themselves and cause accidents were not in control of their vehicle. ",20,86,2,"",3,"","24",4,NA,1,9,NA,"FL_53"
"11/20/22 21:53","11/20/22 21:59",0,202,100,361,1,"11/20/22 21:59","R_29oIjlpEYHcjlUs",NA,NA,NA,NA,202,202,"anonymous","EN",1,202,4,1,1,NA,"",2,4,NA,NA,4,"I made this choice because I feel that the user should still have a certain level of control over the car.",14,78,1,"",4,"","32",3,NA,1,70,NA,"FL_53"
"11/20/22 21:56","11/20/22 21:59",0,203,100,150,1,"11/20/22 21:59","R_1Oy2a25dbncA9bz",NA,NA,NA,NA,203,203,"anonymous","EN",1,203,4,1,1,1,"I prefer to be the one in complete control of my vehicle.",2,4,50,2,NA,"",NA,NA,1,"",3,"","57",4,NA,1,50,NA,"FL_51"
"11/20/22 21:51","11/20/22 21:59",0,204,100,452,1,"11/20/22 21:59","R_6V8wWu9vPapW1rP",NA,NA,NA,NA,204,204,"anonymous","EN",1,204,4,1,1,NA,"",2,4,NA,NA,6,"If it’s fully the driving system taking control of the car, there’s much less of a chance of something going wrong and causing an accident.",30,60,2,"",4,"","25",1,NA,2,30,NA,"FL_53"
"11/20/22 21:52","11/20/22 21:59",0,205,100,427,1,"11/20/22 21:59","R_25s83kbayVwe0k8",NA,NA,NA,NA,205,205,"anonymous","EN",1,205,4,1,1,NA,"",2,4,NA,NA,4,"I feel as though folks should have the option to control the vehicle if need be.",29,56,4,"non-binary",3,"","39",3,NA,1,20,NA,"FL_53"
"11/20/22 21:52","11/20/22 21:59",0,206,100,447,1,"11/20/22 21:59","R_Rw2vvwYI8ZUMXhn",NA,NA,NA,NA,206,206,"anonymous","EN",1,206,4,2,2,2,"I feel safer with human eyes on driving, however, I would not mind additional ""eyes"" from the system",1,4,80,42,NA,"",NA,NA,2,"",3,"","57",4,NA,1,14,NA,"FL_51"
"11/20/22 21:55","11/20/22 21:59",0,207,100,256,1,"11/20/22 21:59","R_2fvcHQYc8Qvi1IY",NA,NA,NA,NA,207,207,"anonymous","EN",1,207,4,1,1,NA,"",2,4,NA,NA,4,"2 is better safety",50,19,2,"",3,"","51",3,NA,1,9,NA,"FL_53"
"11/20/22 21:54","11/20/22 21:59",0,208,100,298,1,"11/20/22 21:59","R_TnL0t16iWX5f9qp",NA,NA,NA,NA,208,208,"anonymous","EN",1,208,4,1,1,2,"Software, the track record of certain companies of shipping production software with serious issues with hopes of over the air updates to address said issues makes me wary of buying anything above level 2",2,4,81,19,NA,"",NA,NA,1,"",3,"","35",4,NA,1,68,NA,"FL_51"
"11/20/22 21:51","11/20/22 21:59",0,209,100,505,1,"11/20/22 21:59","R_308FZYr7SnV47wX",NA,NA,NA,NA,209,209,"anonymous","EN",1,209,4,1,1,4,"It is a good mix of human and automated control and I would feel safer but still feel in control.",2,4,68,60,NA,"",NA,NA,1,"",4,"","37",1,NA,1,30,NA,"FL_51"
"11/20/22 21:57","11/20/22 21:59",0,210,100,170,1,"11/20/22 21:59","R_3CNKKz59ehnirAl",NA,NA,NA,NA,210,210,"anonymous","EN",1,210,4,1,1,NA,"",2,4,NA,NA,5,"There could be some malfunction so it would be good to still have the option for the human to drive ",48,58,2,"",2,"","3q",4,NA,1,1,NA,"FL_53"
"11/20/22 21:55","11/20/22 21:59",0,211,100,266,1,"11/20/22 21:59","R_71Bin8ROJ4lIjzb",NA,NA,NA,NA,211,211,"anonymous","EN",1,211,4,1,1,NA,"",2,4,NA,NA,2,"I chose this level because I feel that it is still majorly important for the Human to be paying attention to the driving environment and their surroundings. As well, I feel as though all the responsibility should not be placed onto the ‘Machines’",70,25,2,"",4,"","20",1,NA,1,60,NA,"FL_53"
"11/20/22 21:52","11/20/22 21:59",0,212,100,463,1,"11/20/22 22:00","R_1IhgWxZEUdczv8X",NA,NA,NA,NA,212,212,"anonymous","EN",1,212,4,1,1,NA,"",2,4,NA,NA,2,"Because I know how to drive well and don't need the car taking control from me unless for certain things, such as crash avoidance and lane assit. ",55,55,1,"",3,"","37",2,NA,1,75,NA,"FL_53"
"11/20/22 21:56","11/20/22 22:00",0,213,100,240,1,"11/20/22 22:00","R_2X0qkaczFUrBzpn",NA,NA,NA,NA,213,213,"anonymous","EN",1,213,4,1,1,4,"I would choose 4 because I want some automation but I don't want to spend too much.",2,4,20,75,NA,"",NA,NA,2,"",2,"","23",3,NA,1,10,NA,"FL_51"
"11/20/22 21:57","11/20/22 22:00",0,214,100,192,1,"11/20/22 22:00","R_1Itqc5bfxlZakhJ",NA,NA,NA,NA,214,214,"anonymous","EN",1,214,4,1,1,NA,"",2,4,NA,NA,6,"Makes is safest for all peoples on the roadl ",36,73,1,"",3,"","34",5,NA,1,29,NA,"FL_53"
"11/20/22 21:57","11/20/22 22:00",0,215,100,186,1,"11/20/22 22:00","R_1jeTxmdeeMqcWo5",NA,NA,NA,NA,215,215,"anonymous","EN",1,215,4,1,1,6,"6 would seem like the highest level of automation and thus being the safest with the least amount of risk",2,4,61,79,NA,"",NA,NA,1,"",3,"","28",4,NA,1,75,NA,"FL_51"
"11/20/22 21:56","11/20/22 22:00",0,216,100,223,1,"11/20/22 22:00","R_2Tn131n18Amol0L",NA,NA,NA,NA,216,216,"anonymous","EN",1,216,4,1,1,4,"I would still want some control ",2,4,54,71,NA,"",NA,NA,2,"",3,"","35",4,NA,1,35,NA,"FL_51"
"11/20/22 21:57","11/20/22 22:00",0,217,100,161,1,"11/20/22 22:00","R_supmqUDQOcCHf57",NA,NA,NA,NA,217,217,"anonymous","EN",1,217,4,1,1,1,"More safe",3,4,90,20,NA,"",NA,NA,1,"",3,"","24",4,NA,1,100,NA,"FL_51"
"11/20/22 21:55","11/20/22 22:00",0,218,100,277,1,"11/20/22 22:00","R_1YuskpxQrZ5LKo1",NA,NA,NA,NA,218,218,"anonymous","EN",1,218,4,1,1,NA,"",2,4,NA,NA,4,"That way its am equal amount of sled driving cars and none self driving cars not everyone wants to be driven around and we would rely on machines more then we should",39,59,2,"",3,"","28",1,NA,1,5,NA,"FL_53"
"11/20/22 21:55","11/20/22 22:00",0,219,100,290,1,"11/20/22 22:00","R_2ziRKM5OztzgW1c",NA,NA,NA,NA,219,219,"anonymous","EN",1,219,4,1,1,2,"I don't currently trust automation to that degree.  Take for example the fact that a lot of facial recognition and other technologies only really work and are tested on white people, how can I trust that my vehicle won't value the life of a white person or someone else over my own existence, therefore I think I would take my chances with driving.",2,4,50,29,NA,"",NA,NA,1,"",1,"","34",3,NA,1,20,NA,"FL_51"
"11/20/22 21:54","11/20/22 22:00",0,220,100,382,1,"11/20/22 22:00","R_3fI6jVoBqiuDupR",NA,NA,NA,NA,220,220,"anonymous","EN",1,220,4,2,1,NA,"",1,4,NA,NA,2,"i like human driver more but i wouldn't mind some smart cart",50,50,1,"",3,"","1997",1,NA,2,20,NA,"FL_53"
"11/20/22 21:56","11/20/22 22:00",0,221,100,271,1,"11/20/22 22:00","R_21b9mRj149DhkIk",NA,NA,NA,NA,221,221,"anonymous","EN",1,221,4,1,1,4,"I think the idea of a car driving itself is interesting, and i have read the research that shows it is safer for a car to make the decisions. However, i would still want to have control over a car and no allow it to do all the work.",2,4,36,40,NA,"",NA,NA,2,"",3,"","19",3,NA,1,78,NA,"FL_51"
"11/20/22 21:55","11/20/22 22:00",0,222,100,296,1,"11/20/22 22:00","R_3Eu9TcqrhoOPuqL",NA,NA,NA,NA,222,222,"anonymous","EN",1,222,4,2,1,6,"If it costs the same, why not. Also can do other things on the commute. ",2,4,50,50,NA,"",NA,NA,2,"",4,"","32",7,NA,1,25,NA,"FL_51"
"11/20/22 21:55","11/20/22 22:00",0,223,100,312,1,"11/20/22 22:00","R_083YA7t0KlxYS6B",NA,NA,NA,NA,223,223,"anonymous","EN",1,223,4,2,1,NA,"",2,4,NA,NA,1,"Driving is a privilege and should be human controlled.",71,35,1,"",3,"","62",4,NA,1,16,NA,"FL_53"
"11/20/22 21:55","11/20/22 22:00",0,224,100,316,1,"11/20/22 22:00","R_2XmwykWlZYIZmLD",NA,NA,NA,NA,224,224,"anonymous","EN",1,224,4,1,1,NA,"",2,4,NA,NA,4,"I think there should be involvement of human control because it would help take control of situations where the car system ever fails.",64,56,2,"",5,"","23",4,NA,1,55,NA,"FL_53"
"11/20/22 21:50","11/20/22 22:01",0,225,100,632,1,"11/20/22 22:01","R_WD9YGJ1287LuJ6V",NA,NA,NA,NA,225,225,"anonymous","EN",1,225,4,1,1,NA,"",2,4,NA,NA,2,"I don't think we've established a legal framework yet and determined liability around self-driving cars to sell more fully autonomous vehicles yet.",34,56,1,"",2,"","33",5,NA,1,76,NA,"FL_53"
"11/20/22 21:52","11/20/22 22:01",0,226,100,524,1,"11/20/22 22:01","R_3iU23B2j9C7Bi3P",NA,NA,NA,NA,226,226,"anonymous","EN",1,226,4,1,1,NA,"",2,4,NA,NA,4,"People are too distracted by their phones. I drive from Texas to Kansas often and the number of people I see LOOKING at their phones for several seconds at a time on the interstate is alarming. Of course, in Dallas I also see people looking at their phones on the freeway while driving, etc. It's very scary. The natural inclination is to get away from them, and you know as you pass them if they jerk to overcorrect suddenly, it could all be over. See so many accidents now where they say ""the vehicle left the roadway for an unknown reason"" or ""the vehicle crossed the center lane for an unknown reason."" Uh-huh. I know there are 'legitimate' reasons people have these sorts of accidents, such as medical emergency or to avoid something in the road, but there sure are a lot more of these accidents than there used to be, and I think I can guess why that is. ",50,55,2,"",3,"","44",3,NA,1,20,NA,"FL_53"
"11/20/22 21:56","11/20/22 22:01",0,227,100,281,1,"11/20/22 22:01","R_qUFJn7adeBUq1yN",NA,NA,NA,NA,227,227,"anonymous","EN",1,227,4,1,1,NA,"",2,4,NA,NA,4,"i wasn't sure what you meant by 'dynamic driving' so i evaluated on the other two. ",36,43,1,"",3,"","45",5,NA,1,13,NA,"FL_53"
"11/20/22 21:55","11/20/22 22:01",0,228,100,377,1,"11/20/22 22:01","R_1hGssFXWcgKNHN7",NA,NA,NA,NA,228,228,"anonymous","EN",1,228,4,1,1,5,"Can’t trust the algorithms for all dynamic conditions",2,4,50,50,NA,"",NA,NA,1,"",2,"","64",5,NA,1,100,NA,"FL_51"
"11/20/22 21:55","11/20/22 22:01",0,229,100,365,1,"11/20/22 22:01","R_2s0v98S5qDYKJda",NA,NA,NA,NA,229,229,"anonymous","EN",1,229,4,1,1,2,"I feel humans make better judgements in all of these aspects of driving. ",2,4,60,30,NA,"",NA,NA,2,"",3,"","64",4,NA,1,20,NA,"FL_51"
"11/20/22 21:55","11/20/22 22:01",0,230,100,387,1,"11/20/22 22:01","R_3MygaZUWzVtfvCE",NA,NA,NA,NA,230,230,"anonymous","EN",1,230,4,1,1,NA,"",1,4,NA,NA,2,"I think it is better.",50,60,1,"",3,"","38",5,NA,1,95,NA,"FL_53"
"11/20/22 21:55","11/20/22 22:01",0,231,100,387,1,"11/20/22 22:01","R_31BHQCQ01xk0hYw",NA,NA,NA,NA,231,231,"anonymous","EN",1,231,4,1,1,NA,"",1,4,NA,NA,2,"I think it is better.",50,60,1,"",3,"","34",5,NA,1,95,NA,"FL_53"
"11/20/22 21:53","11/20/22 22:02",0,232,100,521,1,"11/20/22 22:02","R_31vl7B0cXOnuNHK",NA,NA,NA,NA,232,232,"anonymous","EN",1,232,4,1,1,NA,"",2,4,NA,NA,4,"I chose that level because it's half human and half driving system controlled. It seemed like a good balance.",30,40,2,"",5,"","24",3,NA,2,0,NA,"FL_53"
"11/20/22 21:55","11/20/22 22:03",0,233,100,454,1,"11/20/22 22:03","R_21B5UNaXqeLE76L",NA,NA,NA,NA,233,233,"anonymous","EN",1,233,4,1,1,5,"I would like one that is automated mostly, but I still want to have some control because I don't think the technology is perfect yet.",2,4,50,30,NA,"",NA,NA,1,"",3,"","40",1,NA,1,70,NA,"FL_51"
"11/20/22 21:51","11/20/22 22:03",0,234,100,680,1,"11/20/22 22:03","R_3fHR83phW98KpLq",NA,NA,NA,NA,234,234,"anonymous","EN",1,234,4,1,1,NA,"",2,4,NA,NA,6,"I chose this paeticular level because I think this level are convenient more than other level and it will be affordable to me.",83,86,2,"",3,"","29",4,NA,1,92,NA,"FL_53"
"11/20/22 21:58","11/20/22 22:03",0,235,100,289,1,"11/20/22 22:03","R_1CwIvopbqYI1ukD",NA,NA,NA,NA,235,235,"anonymous","EN",1,235,4,1,1,2,"Based on my own experience coding, watching videos of even human controlled robots and AI controlled robots, and videos of self driving cars i don't feel the tech is there yet.",2,4,71,29,NA,"",NA,NA,2,"",3,"","36",4,NA,1,75,NA,"FL_51"
"11/20/22 22:01","11/20/22 22:03",0,236,100,142,1,"11/20/22 22:03","R_2zZvtO2lnVCOfcD",NA,NA,NA,NA,236,236,"anonymous","EN",1,236,4,1,1,3,"I am too scared for it to fully be the driving system instead of the human",2,4,70,29,NA,"",NA,NA,2,"",3,"","21",3,NA,1,60,NA,"FL_51"
"11/20/22 21:55","11/20/22 22:04",0,237,100,560,1,"11/20/22 22:04","R_1DvFcf8QIrYEJWO",NA,NA,NA,NA,237,237,"anonymous","EN",1,237,4,1,1,6,"Because I'm lazy.",2,4,0,100,NA,"",NA,NA,1,"",3,"","24",1,NA,2,90,NA,"FL_51"
"11/20/22 21:57","11/20/22 22:04",0,238,100,427,1,"11/20/22 22:04","R_1jkPgsSUJaikLgE",NA,NA,NA,NA,238,238,"anonymous","EN",1,238,4,1,1,NA,"",2,4,NA,NA,6,"This would completely remove any possibility of human error and make all vehicles equally safe.",15,80,1,"",1,"","35",3,NA,1,30,NA,"FL_53"
"11/20/22 22:02","11/20/22 22:05",0,239,100,180,1,"11/20/22 22:05","R_3mcZKbAWGiEZuBX",NA,NA,NA,NA,239,239,"anonymous","EN",1,239,4,1,1,1,"I prefer being in control of my vehicle.",2,4,30,20,NA,"",NA,NA,2,"",3,"","21",3,NA,1,45,NA,"FL_51"
"11/20/22 21:58","11/20/22 22:05",0,240,100,399,1,"11/20/22 22:05","R_1ruDtXw5OQttXEm",NA,NA,NA,NA,240,240,"anonymous","EN",1,240,4,1,1,NA,"",2,4,NA,NA,3,"I think automated driving isn't reliable enough to handle monitoring the environment and beyond and it would be safest to leave to a human.",70,18,1,"",2,"","29",3,NA,1,19,NA,"FL_53"
"11/20/22 22:01","11/20/22 22:05",0,241,100,220,1,"11/20/22 22:05","R_3ffmjyI2AQReXPh",NA,NA,NA,NA,241,241,"anonymous","EN",1,241,4,1,1,NA,"",1,4,NA,NA,1,"I don't trust AI enough yet to self drive.",70,10,1,"",3,"","36",3,NA,1,80,NA,"FL_53"
"11/20/22 21:56","11/20/22 22:06",0,242,100,579,1,"11/20/22 22:06","R_20PE1QQxTjCAQZq",NA,NA,NA,NA,242,242,"anonymous","EN",1,242,4,1,1,2,"I would feel more comfortable being in charge of driving.",2,4,75,30,NA,"",NA,NA,1,"",3,"","38",1,NA,1,40,NA,"FL_51"
"11/20/22 21:51","11/20/22 22:06",0,243,100,920,1,"11/20/22 22:06","R_2rqp9MhKk3ojSoI",NA,NA,NA,NA,243,243,"anonymous","EN",1,243,4,1,1,4,"This gives me some control still while still keeping it safe with the AI taking over a lot.",2,4,20,70,NA,"",NA,NA,2,"",3,"","32",1,NA,1,55,NA,"FL_51"
"11/20/22 22:02","11/20/22 22:06",0,244,100,260,1,"11/20/22 22:06","R_3JqlX4WwNPm261o",NA,NA,NA,NA,244,244,"anonymous","EN",1,244,4,1,1,2,"I think that automated vehicles still struggle to deal with human drivers, so a road with both isn't a place I want to be overly reliant on AI for.",2,4,50,33,NA,"",NA,NA,1,"",3,"","34",4,NA,2,67,NA,"FL_51"
"11/20/22 22:02","11/20/22 22:07",0,245,100,289,1,"11/20/22 22:07","R_2znIUqjngeGAm1I",NA,NA,NA,NA,245,245,"anonymous","EN",1,245,4,1,1,NA,"",2,4,NA,NA,4,"This seems like a happy medium to help people switch over.",4,99,2,"",5,"","33",1,NA,2,0,NA,"FL_53"
"11/20/22 21:52","11/20/22 22:08",0,246,100,927,1,"11/20/22 22:08","R_2xP0oqqpdB4pCsq",NA,NA,NA,NA,246,246,"anonymous","EN",1,246,4,1,1,NA,"",2,4,NA,NA,4,"That seems to be where most accidents lie so those would be good. ",39,62,2,"",4,"","22",4,NA,2,29,NA,"FL_53"
"11/20/22 22:00","11/20/22 22:09",0,247,100,531,1,"11/20/22 22:09","R_ue6XQk0rKdQnFkt",NA,NA,NA,NA,247,247,"anonymous","EN",1,247,4,1,1,NA,"",2,4,NA,NA,3,"I personally like a balanced approach because while human error is a factor I still think the option for a human to take the wheel is needed as machines aren't perfect either.",50,50,1,"",2,"","24",3,NA,2,60,NA,"FL_53"
"11/20/22 22:04","11/20/22 22:15",0,248,100,671,1,"11/20/22 22:15","R_1MXOydiLl353ogO",NA,NA,NA,NA,248,248,"anonymous","EN",1,248,4,1,1,6,"I chose 6 because if automated driving is safer then it is obviously the better option.",2,4,31,81,NA,"",NA,NA,2,"",2,"","23",3,NA,1,81,NA,"FL_51"
"11/20/22 21:56","11/20/22 22:19",0,249,100,1414,1,"11/20/22 22:19","R_3nISYiMWUZ8AyPK",NA,NA,NA,NA,249,249,"anonymous","EN",1,249,4,1,1,NA,"",2,4,NA,NA,3,"it has some human monitoring everything to make sure nothing malfunctions",61,41,2,"",2,"","25",4,NA,1,19,NA,"FL_53"
"11/20/22 22:30","11/20/22 22:33",0,250,100,201,1,"11/20/22 22:33","R_1IMMDdVGGTykLAI",NA,NA,NA,NA,250,250,"anonymous","EN",1,250,4,1,1,1,"I have read enough about how AI works in cars to know that I never want to be involved with it.",2,4,100,0,NA,"",NA,NA,4,"nonbinary",3,"","37",1,NA,1,85,NA,"FL_51"
